be*,"-1.0,-1.0,-1.0"
become*,"-1.0,-1.0,1.0"
do*,"-1.0,-1.0,1.0"
go*,"-1.0,-1.0,1.0"
come*,"-1.0,-1.0,1.0"
enter*,"-1.0,-1.0,1.0"
exit*,"-1.0,1.0,1.0"
wait*,"-1.0,-1.0,1.0"
stay*,"-1.0,-1.0,1.0"
leave*,"-1.0,-1.0,-1.0"
return*,"-1.0,-1.0,1.0"
think*,"-1.0,1.0,1.0"
consider*,"-1.0,1.0,1.0"
decide*,"-1.0,1.0,1.0"
choose*,"-1.0,-1.0,1.0"
feel*,"1.0,1.0,1.0"
see*,"1.0,-1.0,1.0"
hear*,"1.0,-1.0,-1.0"
touch*,"-1.0,1.0,1.0"
smell*,"1.0,-1.0,-1.0"
taste*,"-1.0,1.0,1.0"
say*,"-1.0,-1.0,-1.0"
know*,"-1.0,-1.0,1.0"
learn*,"-1.0,-1.0,-1.0"
teach*,"-1.0,1.0,1.0"
repeat*,"-1.0,1.0,1.0"
be-used-to*,"1.0,-1.0,-1.0"
continue*,"-1.0,1.0,1.0"
ask*,"-1.0,-1.0,-1.0"
answer*,"-1.0,-1.0,1.0"
draw*,"-1.0,1.0,-1.0"
write*,"-1.0,1.0,-1.0"
read*,"-1.0,-1.0,1.0"
eat*,"-1.0,-1.0,1.0"
drink*,"1.0,-1.0,1.0"
have*,"-1.0,-1.0,1.0"
hold*,"-1.0,-1.0,1.0"
bring*,"-1.0,-1.0,-1.0"
get*,"-1.0,1.0,1.0"
give*,"-1.0,-1.0,-1.0"
send*,"-1.0,-1.0,-1.0"
put*,"-1.0,-1.0,1.0"
leave/*,"-1.0,1.0,1.0"
take*,"-1.0,-1.0,1.0"
steal*,"-1.0,-1.0,-1.0"
hit*,"1.0,1.0,1.0"
kick*,"-1.0,1.0,1.0"
rub*,"1.0,-1.0,-1.0"
turn*,"-1.0,-1.0,1.0"
push*,"1.0,1.0,1.0"
pull*,"-1.0,-1.0,1.0"
squeeze*,"-1.0,1.0,1.0"
wash*,"-1.0,-1.0,1.0"
shower*,"1.0,1.0,1.0"
wipe*,"-1.0,1.0,-1.0"
scratch*,"-1.0,-1.0,-1.0"
cut*,"1.0,1.0,1.0"
connect*,"-1.0,1.0,1.0"
stick*,"-1.0,1.0,1.0"
split*,"1.0,1.0,-1.0"
stab*,"-1.0,-1.0,1.0"
laugh*,"-1.0,-1.0,1.0"
smile*,"-1.0,-1.0,1.0"
cry*,"-1.0,-1.0,-1.0"
bite*,"-1.0,1.0,-1.0"
suck*,"1.0,-1.0,1.0"
swallow*,"1.0,-1.0,1.0"
spit*,"1.0,-1.0,1.0"
vomit*,"-1.0,1.0,1.0"
blow*,"1.0,-1.0,-1.0"
breathe*,"-1.0,-1.0,-1.0"
cough*,"1.0,1.0,1.0"
yawn*,"-1.0,-1.0,1.0"
throw*,"-1.0,-1.0,1.0"
catch*,"-1.0,1.0,1.0"
dig*,"-1.0,-1.0,-1.0"
tie*,"-1.0,-1.0,-1.0"
sew*,"1.0,-1.0,1.0"
count*,"-1.0,1.0,-1.0"
wear*,"-1.0,-1.0,1.0"
open*,"-1.0,-1.0,1.0"
close*,"1.0,-1.0,1.0"
begin*,"-1.0,-1.0,1.0"
finish*,"-1.0,-1.0,1.0"
lose*,"-1.0,-1.0,1.0"
look-for*,"-1.0,1.0,1.0"
find*,"-1.0,-1.0,1.0"
change*,"-1.0,-1.0,1.0"
buy*,"-1.0,-1.0,1.0"
pay*,"-1.0,1.0,-1.0"
sell*,"-1.0,-1.0,1.0"
try*,"-1.0,-1.0,1.0"
make*,"-1.0,1.0,1.0"
create*,"-1.0,-1.0,1.0"
use*,"-1.0,-1.0,-1.0"
break*,"-1.0,1.0,1.0"
ruin*,"-1.0,-1.0,1.0"
kill*,"1.0,1.0,-1.0"
die*,"1.0,-1.0,1.0"
live*,"-1.0,-1.0,-1.0"
dream*,"-1.0,-1.0,-1.0"
sleep*,"1.0,-1.0,1.0"
wake-up*,"-1.0,1.0,1.0"
lie*,"-1.0,-1.0,-1.0"
sit*,"1.0,1.0,1.0"
squat*,"1.0,1.0,1.0"
stoop*,"1.0,1.0,-1.0"
stand*,"-1.0,-1.0,1.0"
walk*,"-1.0,-1.0,1.0"
run*,"-1.0,-1.0,1.0"
jump*,"-1.0,1.0,1.0"
swim*,"-1.0,-1.0,1.0"
fly*,"-1.0,-1.0,1.0"
move*,"1.0,-1.0,1.0"
stop*,"1.0,-1.0,1.0"
drive*,"-1.0,-1.0,-1.0"
follow*,"-1.0,1.0,-1.0"
remember*,"-1.0,-1.0,-1.0"
forget*,"-1.0,-1.0,-1.0"
notice*,"-1.0,1.0,-1.0"
ignore*,"-1.0,-1.0,-1.0"
add*,"-1.0,-1.0,1.0"
remove*,"1.0,-1.0,1.0"
increase*,"-1.0,1.0,-1.0"
decrease*,"-1.0,-1.0,1.0"
rise*,"-1.0,-1.0,1.0"
fall*,"1.0,1.0,1.0"
descend*,"1.0,1.0,1.0"
pass*,"-1.0,1.0,1.0"
sing*,"-1.0,-1.0,-1.0"
dance*,"-1.0,-1.0,1.0"
play*,"-1.0,-1.0,1.0"
float*,"1.0,-1.0,-1.0"
flow*,"-1.0,-1.0,-1.0"
freeze*,"-1.0,-1.0,-1.0"
swell*,"1.0,-1.0,-1.0"
grow*,"1.0,-1.0,1.0"
burn*,"-1.0,-1.0,1.0"
cook*,"-1.0,1.0,1.0"
fry*,"-1.0,-1.0,-1.0"
boil*,"1.0,-1.0,1.0"
stew*,"1.0,1.0,-1.0"
steam*,"-1.0,-1.0,1.0"
roast*,"1.0,1.0,-1.0"
bake*,"-1.0,1.0,-1.0"
shine*,"-1.0,-1.0,-1.0"
melt*,"-1.0,-1.0,-1.0"
explode*,"-1.0,-1.0,-1.0"
love*,"-1.0,-1.0,1.0"
like*,"-1.0,1.0,1.0"
want*,"-1.0,-1.0,1.0"
need*,"-1.0,-1.0,1.0"
hate*,"1.0,1.0,1.0"
fear*,"1.0,1.0,1.0"
kiss*,"1.0,1.0,1.0"
penetrate*,"-1.0,-1.0,1.0"
dash*,"-1.0,1.0,-1.0"
shoot*,"-1.0,1.0,1.0"
fight*,"-1.0,1.0,1.0"
hunt*,"-1.0,-1.0,1.0"
hurt*,"-1.0,1.0,-1.0"
attack*,"-1.0,1.0,-1.0"
protect*,"-1.0,-1.0,1.0"
pile*,"1.0,1.0,1.0"
store*,"-1.0,1.0,-1.0"
insert*,"-1.0,-1.0,1.0"
contain*,"-1.0,-1.0,1.0"
include*,"-1.0,-1.0,1.0"
inform*,"-1.0,-1.0,1.0"
announce*,"-1.0,-1.0,1.0"
sweep*,"-1.0,1.0,1.0"
rent*,"-1.0,-1.0,-1.0"
travel*,"-1.0,-1.0,1.0"
record*,"-1.0,-1.0,-1.0"
escape*,"-1.0,1.0,1.0"
avoid*,"-1.0,1.0,1.0"
focus*,"1.0,1.0,1.0"
bark*,"-1.0,-1.0,-1.0"
howl*,"-1.0,-1.0,-1.0"
call*,"-1.0,-1.0,1.0"
scream*,"-1.0,1.0,1.0"
chirp*,"1.0,1.0,1.0"
crow*,"-1.0,1.0,1.0"
shout*,"1.0,1.0,1.0"
whisper*,"1.0,1.0,1.0"
build*,"1.0,-1.0,1.0"
like/*,"-1.0,1.0,1.0"
show*,"1.0,1.0,-1.0"
hang*,"-1.0,-1.0,-1.0"
weigh*,"-1.0,-1.0,-1.0"
measure*,"-1.0,-1.0,1.0"
swing*,"-1.0,-1.0,1.0"
shake*,"-1.0,1.0,1.0"
tremble*,"-1.0,-1.0,1.0"
work*,"-1.0,-1.0,-1.0"
marry*,"-1.0,1.0,-1.0"
pray*,"-1.0,-1.0,-1.0"
win*,"-1.0,-1.0,-1.0"
lose/*,"-1.0,-1.0,1.0"
mix*,"-1.0,-1.0,-1.0"
bend*,"1.0,-1.0,-1.0"
feed*,"-1.0,-1.0,1.0"
rear*,"-1.0,1.0,-1.0"
roll*,"1.0,-1.0,-1.0"
slide*,"-1.0,1.0,-1.0"
cover*,"1.0,1.0,1.0"
support*,"1.0,-1.0,1.0"
load*,"-1.0,1.0,1.0"
develop*,"-1.0,1.0,-1.0"
fold*,"1.0,-1.0,1.0"
shrink*,"1.0,1.0,1.0"
spill*,"-1.0,-1.0,1.0"
release*,"-1.0,-1.0,-1.0"
drain*,"-1.0,-1.0,1.0"
fill*,"-1.0,-1.0,1.0"
pour*,"1.0,1.0,1.0"
soak*,"1.0,1.0,-1.0"
leak*,"1.0,1.0,1.0"
drip*,"-1.0,1.0,1.0"
expand*,"-1.0,1.0,1.0"
spread*,"-1.0,-1.0,1.0"
radiate*,"-1.0,-1.0,1.0"
infect*,"-1.0,1.0,1.0"
obstruct*,"-1.0,-1.0,-1.0"
sink*,"-1.0,-1.0,-1.0"
waste*,"-1.0,1.0,-1.0"
disappear*,"-1.0,1.0,1.0"
stretch*,"-1.0,1.0,1.0"
wrinkle*,"-1.0,1.0,1.0"
decorate*,"-1.0,-1.0,-1.0"
dye*,"-1.0,-1.0,1.0"
wrap*,"-1.0,1.0,1.0"
erode*,"-1.0,-1.0,1.0"
peel*,"1.0,1.0,1.0"
pollute*,"1.0,-1.0,1.0"
stare*,"-1.0,1.0,1.0"
handle*,"-1.0,-1.0,1.0"
translate*,"-1.0,1.0,1.0"
match*,"-1.0,-1.0,1.0"
compare*,"-1.0,1.0,1.0"
arrange*,"-1.0,-1.0,1.0"
sort*,"-1.0,-1.0,1.0"
filter*,"-1.0,-1.0,1.0"
enjoy*,"-1.0,1.0,-1.0"
relax*,"-1.0,-1.0,1.0"
hurry*,"-1.0,1.0,1.0"
inherit*,"-1.0,1.0,1.0"
train*,"1.0,-1.0,1.0"
succeed*,"-1.0,1.0,1.0"
fail*,"-1.0,-1.0,1.0"
hide*,"1.0,1.0,1.0"
crawl*,"-1.0,-1.0,1.0"
calculate*,"-1.0,1.0,-1.0"
employ*,"-1.0,-1.0,1.0"
earn*,"-1.0,1.0,1.0"
scan*,"-1.0,1.0,1.0"
print*,"-1.0,1.0,1.0"
lie/*,"-1.0,-1.0,1.0"
deceive*,"-1.0,1.0,1.0"
believe*,"-1.0,-1.0,-1.0"
imagine*,"-1.0,-1.0,1.0"
accept*,"-1.0,1.0,1.0"
deny*,"-1.0,-1.0,-1.0"
borrow*,"-1.0,-1.0,-1.0"
lend*,"-1.0,-1.0,-1.0"
edit*,"-1.0,1.0,1.0"
delete*,"1.0,1.0,1.0"
copy*,"1.0,-1.0,1.0"
paste*,"-1.0,1.0,1.0"
discuss*,"-1.0,1.0,-1.0"
argue*,"-1.0,1.0,-1.0"
chat*,"-1.0,1.0,1.0"
explain*,"-1.0,1.0,-1.0"
provide*,"-1.0,-1.0,1.0"
fund*,"-1.0,-1.0,-1.0"
control*,"1.0,-1.0,1.0"
check*,"1.0,-1.0,1.0"
practise*,"-1.0,1.0,1.0"
prepare*,"-1.0,1.0,1.0"
review*,"-1.0,-1.0,1.0"
affect*,"-1.0,1.0,-1.0"
design*,"-1.0,1.0,-1.0"
plan*,"-1.0,-1.0,-1.0"
understand*,"-1.0,-1.0,1.0"
predict*,"-1.0,-1.0,-1.0"
assume*,"-1.0,-1.0,-1.0"
guess*,"-1.0,-1.0,1.0"
respect*,"-1.0,1.0,1.0"
disdain*,"-1.0,1.0,-1.0"
challenge*,"-1.0,1.0,1.0"
suffer*,"-1.0,1.0,1.0"
endure*,"-1.0,-1.0,1.0"
meet*,"1.0,-1.0,-1.0"
arrive*,"-1.0,1.0,1.0"
collect*,"-1.0,1.0,-1.0"
warn*,"-1.0,1.0,1.0"
sign*,"-1.0,1.0,-1.0"
restrain*,"-1.0,-1.0,-1.0"
allow*,"-1.0,-1.0,-1.0"
forbid*,"-1.0,1.0,1.0"
lead*,"-1.0,-1.0,-1.0"
govern*,"-1.0,-1.0,-1.0"
manage*,"-1.0,-1.0,1.0"
command*,"-1.0,-1.0,1.0"
serve*,"-1.0,-1.0,1.0"
attend*,"-1.0,1.0,1.0"
accompany*,"-1.0,-1.0,1.0"
share*,"-1.0,1.0,1.0"
take-care-of*,"1.0,-1.0,-1.0"
plough*,"-1.0,-1.0,-1.0"
irrigate*,"-1.0,-1.0,1.0"
sow*,"-1.0,-1.0,1.0"
reap*,"-1.0,-1.0,-1.0"
weave*,"-1.0,-1.0,1.0"
hope*,"-1.0,-1.0,1.0"
donate*,"1.0,-1.0,-1.0"
steer*,"-1.0,1.0,-1.0"
guide*,"-1.0,1.0,-1.0"
miss*,"-1.0,1.0,1.0"
miss/*,"-1.0,1.0,1.0"
scold*,"-1.0,-1.0,1.0"
visit*,"-1.0,-1.0,1.0"
fix*,"-1.0,1.0,-1.0"
scoop*,"-1.0,1.0,1.0"
mention*,"-1.0,-1.0,1.0"
explore*,"1.0,-1.0,1.0"
colonize*,"1.0,-1.0,1.0"
roam*,"-1.0,-1.0,1.0"
flat*,"-1.0,1.0,-1.0"
steep*,"1.0,1.0,1.0"
slanted*,"-1.0,-1.0,-1.0"
straight*,"1.0,-1.0,-1.0"
round*,"1.0,-1.0,-1.0"
curved*,"1.0,-1.0,-1.0"
sharp*,"1.0,1.0,-1.0"
blunt*,"1.0,-1.0,-1.0"
smooth*,"-1.0,-1.0,-1.0"
rough*,"-1.0,1.0,-1.0"
tight*,"1.0,1.0,-1.0"
loose*,"1.0,-1.0,-1.0"
strict*,"-1.0,1.0,-1.0"
lenient*,"1.0,-1.0,-1.0"
sparse*,"-1.0,1.0,-1.0"
dense*,"1.0,1.0,-1.0"
clear*,"-1.0,1.0,-1.0"
turbid*,"1.0,-1.0,-1.0"
blurry*,"1.0,-1.0,-1.0"
light*,"-1.0,-1.0,-1.0"
strong*,"-1.0,1.0,-1.0"
light/*,"-1.0,1.0,-1.0"
heavy*,"1.0,1.0,-1.0"
big*,"1.0,-1.0,-1.0"
small*,"1.0,1.0,1.0"
long*,"1.0,-1.0,-1.0"
short*,"1.0,-1.0,-1.0"
wide*,"-1.0,-1.0,-1.0"
narrow*,"-1.0,1.0,-1.0"
thick*,"1.0,1.0,-1.0"
thin*,"-1.0,-1.0,-1.0"
fat*,"-1.0,1.0,-1.0"
slim*,"-1.0,-1.0,-1.0"
thick/*,"1.0,1.0,-1.0"
fine*,"-1.0,-1.0,1.0"
tall*,"1.0,-1.0,-1.0"
short/*,"1.0,1.0,-1.0"
high*,"1.0,-1.0,1.0"
low*,"-1.0,-1.0,-1.0"
deep*,"1.0,-1.0,-1.0"
shallow*,"-1.0,1.0,-1.0"
far*,"-1.0,-1.0,1.0"
near*,"1.0,-1.0,-1.0"
hard*,"1.0,-1.0,1.0"
soft*,"1.0,-1.0,-1.0"
dry*,"1.0,-1.0,-1.0"
wet*,"1.0,1.0,-1.0"
cold*,"-1.0,-1.0,1.0"
hot*,"1.0,1.0,1.0"
warm*,"1.0,-1.0,-1.0"
cool*,"-1.0,-1.0,-1.0"
fragrant*,"1.0,-1.0,-1.0"
stinky*,"1.0,1.0,-1.0"
bitter*,"-1.0,1.0,1.0"
sweet*,"1.0,-1.0,-1.0"
sour*,"1.0,1.0,-1.0"
salty*,"1.0,-1.0,1.0"
spicy*,"-1.0,1.0,1.0"
empty*,"1.0,-1.0,-1.0"
full*,"1.0,-1.0,1.0"
broken*,"1.0,1.0,1.0"
complete*,"1.0,-1.0,-1.0"
dead*,"1.0,-1.0,1.0"
alive*,"-1.0,-1.0,-1.0"
difficult*,"1.0,-1.0,1.0"
easy*,"1.0,1.0,1.0"
emotion*,"1.0,-1.0,-1.0"
sad*,"1.0,1.0,-1.0"
happy*,"1.0,-1.0,1.0"
excited*,"-1.0,1.0,-1.0"
nervous*,"1.0,-1.0,1.0"
disgusted*,"-1.0,1.0,-1.0"
surprised*,"-1.0,1.0,-1.0"
ashamed*,"-1.0,-1.0,-1.0"
angry*,"-1.0,-1.0,-1.0"
jealous*,"1.0,-1.0,-1.0"
curious*,"1.0,-1.0,1.0"
funny*,"1.0,1.0,-1.0"
interesting*,"-1.0,1.0,1.0"
boring*,"-1.0,-1.0,-1.0"
strange*,"1.0,-1.0,1.0"
ordinary*,"-1.0,-1.0,1.0"
common*,"1.0,-1.0,-1.0"
rare*,"-1.0,1.0,1.0"
famous*,"1.0,-1.0,-1.0"
beautiful*,"1.0,-1.0,1.0"
ugly*,"1.0,1.0,1.0"
guilty*,"1.0,1.0,-1.0"
innocent*,"1.0,-1.0,1.0"
safe*,"1.0,-1.0,1.0"
dangerous*,"-1.0,1.0,1.0"
important*,"1.0,1.0,1.0"
patient*,"-1.0,1.0,-1.0"
brave*,"1.0,-1.0,-1.0"
timid*,"-1.0,1.0,1.0"
transparent*,"-1.0,-1.0,1.0"
positive*,"1.0,1.0,1.0"
negative*,"1.0,1.0,-1.0"
independent*,"-1.0,-1.0,1.0"
dependent*,"1.0,-1.0,1.0"
naked*,"1.0,-1.0,-1.0"
bare*,"1.0,-1.0,-1.0"
familiar*,"-1.0,1.0,-1.0"
strange/*,"1.0,-1.0,1.0"
random*,"-1.0,1.0,1.0"
stable*,"-1.0,1.0,1.0"
consistent*,"-1.0,1.0,1.0"
arbitrary*,"-1.0,-1.0,1.0"
certain*,"1.0,1.0,-1.0"
approximate*,"-1.0,1.0,-1.0"
precise*,"-1.0,1.0,-1.0"
odd*,"1.0,-1.0,1.0"
even*,"-1.0,1.0,-1.0"
single*,"-1.0,-1.0,1.0"
double*,"1.0,-1.0,-1.0"
good*,"1.0,-1.0,1.0"
bad*,"1.0,1.0,1.0"
correct*,"1.0,-1.0,-1.0"
wrong*,"-1.0,-1.0,-1.0"
TRUE*,"1.0,-1.0,-1.0"
FALSE*,"1.0,-1.0,1.0"
new*,"1.0,-1.0,-1.0"
old*,"-1.0,-1.0,-1.0"
old/*,"-1.0,-1.0,-1.0"
young*,"1.0,-1.0,1.0"
strong/*,"1.0,-1.0,1.0"
weak*,"-1.0,-1.0,-1.0"
sick*,"1.0,-1.0,-1.0"
healthy*,"-1.0,-1.0,1.0"
same*,"-1.0,-1.0,-1.0"
equal*,"-1.0,-1.0,-1.0"
fair*,"1.0,1.0,-1.0"
different*,"-1.0,-1.0,-1.0"
fast*,"1.0,-1.0,-1.0"
slow*,"1.0,-1.0,-1.0"
early*,"1.0,-1.0,-1.0"
late*,"-1.0,1.0,1.0"
clean*,"-1.0,1.0,-1.0"
dirty*,"1.0,1.0,-1.0"
fresh*,"1.0,1.0,-1.0"
rotten*,"1.0,-1.0,1.0"
clever*,"-1.0,-1.0,-1.0"
stupid*,"1.0,-1.0,-1.0"
expensive*,"1.0,-1.0,-1.0"
cheap*,"1.0,-1.0,1.0"
poor*,"1.0,-1.0,1.0"
rich*,"-1.0,1.0,-1.0"
busy*,"1.0,-1.0,1.0"
idle*,"-1.0,-1.0,-1.0"
crowded*,"1.0,-1.0,-1.0"
noisy*,"1.0,-1.0,-1.0"
quiet*,"-1.0,1.0,-1.0"
silent*,"-1.0,-1.0,1.0"
deaf*,"1.0,-1.0,-1.0"
dumb*,"1.0,-1.0,-1.0"
blind*,"1.0,1.0,-1.0"
hungry*,"-1.0,-1.0,1.0"
thirsty*,"1.0,1.0,1.0"
tired*,"-1.0,-1.0,1.0"
lazy*,"-1.0,1.0,-1.0"
diligent*,"-1.0,-1.0,1.0"
able*,"-1.0,1.0,1.0"
necessary*,"-1.0,1.0,1.0"
compulsory*,"1.0,-1.0,-1.0"
voluntary*,"1.0,-1.0,1.0"
satisfied*,"-1.0,-1.0,1.0"
ascetic*,"-1.0,1.0,1.0"
indulgent*,"-1.0,1.0,-1.0"
lonely*,"-1.0,-1.0,-1.0"
absent*,"-1.0,1.0,1.0"
present*,"-1.0,-1.0,-1.0"
popular*,"1.0,-1.0,-1.0"
responsible*,"1.0,1.0,-1.0"
serious*,"1.0,-1.0,1.0"
formal*,"-1.0,-1.0,1.0"
casual*,"-1.0,1.0,1.0"
thrifty*,"1.0,1.0,1.0"
sane*,"-1.0,1.0,1.0"
rational*,"-1.0,-1.0,1.0"
dizzy*,"-1.0,-1.0,1.0"
crazy*,"1.0,-1.0,-1.0"
sober*,"1.0,-1.0,-1.0"
drunk*,"-1.0,-1.0,-1.0"
sleepy*,"1.0,-1.0,-1.0"
ready*,"-1.0,1.0,-1.0"
probable*,"1.0,-1.0,1.0"
private*,"-1.0,-1.0,-1.0"
public*,"1.0,1.0,-1.0"
foreign*,"-1.0,-1.0,1.0"
local*,"-1.0,-1.0,1.0"
perfect*,"-1.0,-1.0,1.0"
bright*,"-1.0,-1.0,1.0"
dark*,"1.0,1.0,1.0"
black*,"-1.0,-1.0,-1.0"
white*,"-1.0,-1.0,-1.0"
red*,"1.0,-1.0,1.0"
orange*,"1.0,-1.0,-1.0"
yellow*,"-1.0,-1.0,1.0"
green*,"-1.0,-1.0,-1.0"
blue*,"1.0,-1.0,-1.0"
purple*,"1.0,-1.0,-1.0"
pink*,"1.0,-1.0,-1.0"
brown*,"1.0,-1.0,-1.0"
gray*,"-1.0,-1.0,-1.0"
golden*,"1.0,-1.0,-1.0"
silver*,"-1.0,-1.0,1.0"
color*,"1.0,-1.0,1.0"
I*,"1.0,-1.0,-1.0"
you*,"-1.0,1.0,-1.0"
he*,"1.0,-1.0,1.0"
she*,"1.0,-1.0,-1.0"
it*,"1.0,1.0,1.0"
we*,"1.0,-1.0,-1.0"
you/*,"-1.0,-1.0,-1.0"
they*,"1.0,-1.0,-1.0"
this*,"1.0,1.0,1.0"
that*,"1.0,1.0,-1.0"
here*,"-1.0,1.0,1.0"
there*,"-1.0,-1.0,-1.0"
who*,"1.0,1.0,-1.0"
what*,"-1.0,1.0,-1.0"
where*,"1.0,-1.0,-1.0"
when*,"-1.0,-1.0,1.0"
how*,"1.0,1.0,-1.0"
why*,"-1.0,-1.0,-1.0"
which*,"-1.0,1.0,-1.0"
how-many*,"-1.0,1.0,1.0"
how-much*,"-1.0,1.0,1.0"
not*,"1.0,-1.0,-1.0"
all*,"1.0,1.0,-1.0"
many*,"-1.0,-1.0,-1.0"
some*,"-1.0,-1.0,1.0"
few*,"-1.0,1.0,-1.0"
other*,"-1.0,-1.0,1.0"
part*,"-1.0,1.0,-1.0"
whole*,"1.0,-1.0,1.0"
more*,"-1.0,1.0,-1.0"
less*,"1.0,-1.0,-1.0"
most*,"-1.0,-1.0,-1.0"
least*,"-1.0,1.0,1.0"
each*,"-1.0,1.0,-1.0"
pair*,"1.0,-1.0,1.0"
half*,"-1.0,-1.0,1.0"
zero*,"1.0,-1.0,1.0"
one*,"1.0,-1.0,-1.0"
two*,"1.0,1.0,-1.0"
three*,"1.0,-1.0,-1.0"
four*,"1.0,1.0,-1.0"
five*,"-1.0,1.0,1.0"
six*,"1.0,1.0,-1.0"
seven*,"-1.0,1.0,1.0"
eight*,"1.0,1.0,-1.0"
nine*,"-1.0,-1.0,-1.0"
ten*,"1.0,1.0,1.0"
hundred*,"-1.0,-1.0,1.0"
thousand*,"-1.0,-1.0,1.0"
ten-thousand*,"-1.0,-1.0,1.0"
million*,"-1.0,-1.0,-1.0"
billion*,"-1.0,-1.0,-1.0"
trillion*,"-1.0,-1.0,-1.0"
first*,"-1.0,-1.0,1.0"
last*,"1.0,1.0,-1.0"
next*,"1.0,1.0,-1.0"
previous*,"-1.0,-1.0,1.0"
thing*,"1.0,1.0,-1.0"
human*,"-1.0,-1.0,1.0"
person*,"1.0,-1.0,1.0"
crowd*,"1.0,1.0,-1.0"
population*,"1.0,1.0,-1.0"
man*,"1.0,-1.0,1.0"
woman*,"-1.0,-1.0,-1.0"
child*,"1.0,-1.0,1.0"
boy*,"1.0,-1.0,-1.0"
girl*,"-1.0,1.0,-1.0"
son*,"1.0,-1.0,-1.0"
daughter*,"-1.0,-1.0,-1.0"
wife*,"-1.0,1.0,1.0"
husband*,"-1.0,-1.0,-1.0"
mother*,"-1.0,-1.0,-1.0"
father*,"-1.0,1.0,1.0"
parent*,"-1.0,-1.0,-1.0"
family*,"-1.0,-1.0,1.0"
baby*,"1.0,-1.0,-1.0"
adult*,"1.0,-1.0,1.0"
grandfather*,"1.0,-1.0,-1.0"
grandmother*,"-1.0,-1.0,-1.0"
grandson*,"1.0,-1.0,-1.0"
granddaughter*,"-1.0,1.0,-1.0"
sister*,"-1.0,1.0,1.0"
brother*,"-1.0,-1.0,1.0"
big-brother*,"-1.0,-1.0,-1.0"
little-brother*,"-1.0,1.0,1.0"
big-sister*,"1.0,1.0,-1.0"
little-sister*,"-1.0,1.0,1.0"
siblings*,"-1.0,-1.0,1.0"
son-in-law*,"1.0,-1.0,1.0"
daughter-in-law*,"-1.0,-1.0,-1.0"
brother-in-law*,"-1.0,-1.0,-1.0"
sister-in-law*,"-1.0,1.0,-1.0"
father-in-law*,"1.0,-1.0,1.0"
mother-in-law*,"-1.0,-1.0,-1.0"
parents-in-law*,"-1.0,1.0,-1.0"
stepfather*,"1.0,1.0,1.0"
stepmother*,"-1.0,-1.0,1.0"
stepdaughter*,"1.0,1.0,1.0"
stepson*,"1.0,1.0,1.0"
aunt*,"-1.0,1.0,-1.0"
cousin*,"1.0,-1.0,1.0"
nephew*,"1.0,1.0,-1.0"
niece*,"-1.0,1.0,-1.0"
animal*,"-1.0,-1.0,1.0"
pet*,"-1.0,1.0,1.0"
vet*,"-1.0,1.0,1.0"
zoo*,"1.0,1.0,1.0"
mammal*,"-1.0,-1.0,1.0"
cow*,"1.0,-1.0,1.0"
horse*,"1.0,-1.0,1.0"
donkey*,"1.0,-1.0,1.0"
pig*,"1.0,-1.0,1.0"
mouse*,"1.0,-1.0,-1.0"
cat*,"1.0,1.0,1.0"
dog*,"1.0,1.0,1.0"
tiger*,"-1.0,1.0,-1.0"
lion*,"1.0,-1.0,-1.0"
rabbit*,"1.0,-1.0,-1.0"
sheep*,"1.0,1.0,-1.0"
lamb*,"1.0,-1.0,-1.0"
goat*,"1.0,1.0,-1.0"
monkey*,"1.0,-1.0,1.0"
panda*,"-1.0,1.0,1.0"
bear*,"1.0,-1.0,1.0"
polar-bear*,"1.0,-1.0,-1.0"
wolf*,"1.0,-1.0,-1.0"
fox*,"1.0,1.0,1.0"
camel*,"-1.0,-1.0,1.0"
elephant*,"-1.0,-1.0,1.0"
giraffe*,"-1.0,1.0,-1.0"
zebra*,"-1.0,-1.0,-1.0"
rhinoceros*,"1.0,1.0,1.0"
leopard*,"-1.0,1.0,1.0"
cheetah*,"-1.0,1.0,1.0"
kangaroo*,"1.0,-1.0,1.0"
squirrel*,"1.0,1.0,-1.0"
hedgehog*,"1.0,1.0,1.0"
otter*,"1.0,-1.0,-1.0"
bat*,"-1.0,-1.0,-1.0"
bird*,"1.0,-1.0,1.0"
nest*,"-1.0,1.0,-1.0"
chicken*,"1.0,-1.0,1.0"
pigeon*,"1.0,-1.0,1.0"
duck*,"-1.0,1.0,1.0"
goose*,"-1.0,-1.0,-1.0"
hummingbird*,"1.0,-1.0,-1.0"
sparrow*,"1.0,-1.0,-1.0"
magpie*,"-1.0,1.0,1.0"
oriole*,"1.0,-1.0,-1.0"
thrush-bird*,"1.0,-1.0,1.0"
swallow-bird*,"1.0,-1.0,1.0"
turtledove*,"1.0,-1.0,1.0"
parrot*,"1.0,-1.0,1.0"
woodpecker*,"1.0,1.0,1.0"
cormorant*,"1.0,-1.0,1.0"
egret*,"1.0,1.0,1.0"
crane*,"1.0,-1.0,-1.0"
owl*,"1.0,-1.0,-1.0"
swan*,"1.0,-1.0,1.0"
eagle*,"1.0,-1.0,-1.0"
penguin*,"-1.0,-1.0,1.0"
ostrich*,"1.0,1.0,1.0"
raven*,"1.0,-1.0,-1.0"
pelican*,"-1.0,1.0,1.0"
flamingo*,"-1.0,-1.0,-1.0"
frog*,"1.0,1.0,-1.0"
reptile*,"-1.0,1.0,-1.0"
crocodile*,"1.0,-1.0,-1.0"
fish*,"1.0,1.0,-1.0"
tortoise*,"1.0,1.0,1.0"
turtle*,"1.0,1.0,1.0"
shrimp*,"-1.0,-1.0,-1.0"
lobster*,"1.0,-1.0,-1.0"
crab*,"1.0,1.0,-1.0"
whale*,"-1.0,-1.0,-1.0"
shark*,"1.0,1.0,1.0"
dolphin*,"1.0,-1.0,1.0"
seal*,"-1.0,1.0,1.0"
walrus*,"1.0,-1.0,-1.0"
jellyfish*,"1.0,-1.0,-1.0"
starfish*,"-1.0,1.0,1.0"
seahorse*,"-1.0,-1.0,1.0"
squid*,"-1.0,-1.0,1.0"
octopus*,"1.0,1.0,1.0"
shell*,"1.0,1.0,1.0"
conch*,"1.0,-1.0,1.0"
clam*,"-1.0,-1.0,-1.0"
oyster*,"-1.0,1.0,-1.0"
sea-anemone*,"-1.0,-1.0,1.0"
coral*,"-1.0,-1.0,-1.0"
germ*,"-1.0,-1.0,1.0"
bacteria*,"-1.0,1.0,-1.0"
virus*,"1.0,-1.0,1.0"
insect*,"1.0,-1.0,1.0"
fly/*,"-1.0,-1.0,-1.0"
mosquito*,"1.0,-1.0,1.0"
dragonfly*,"1.0,-1.0,-1.0"
grasshopper*,"-1.0,1.0,-1.0"
caterpillar*,"1.0,1.0,1.0"
termite*,"-1.0,1.0,1.0"
ladybug*,"-1.0,1.0,1.0"
snail*,"-1.0,1.0,1.0"
scorpion*,"1.0,-1.0,1.0"
spider*,"-1.0,-1.0,1.0"
ant*,"1.0,-1.0,-1.0"
bee*,"-1.0,-1.0,-1.0"
butterfly*,"-1.0,1.0,-1.0"
louse*,"1.0,1.0,-1.0"
cicada*,"-1.0,1.0,1.0"
aphid*,"-1.0,1.0,1.0"
moth*,"1.0,-1.0,-1.0"
centipede*,"-1.0,1.0,1.0"
millipede*,"-1.0,-1.0,-1.0"
cricket*,"1.0,1.0,-1.0"
firefly*,"-1.0,-1.0,-1.0"
snake*,"-1.0,1.0,1.0"
worm*,"1.0,-1.0,-1.0"
plant*,"-1.0,1.0,-1.0"
tree*,"1.0,-1.0,1.0"
forest*,"1.0,1.0,-1.0"
stick/*,"1.0,1.0,-1.0"
fruit*,"1.0,1.0,-1.0"
kernel*,"-1.0,-1.0,1.0"
apple*,"-1.0,-1.0,1.0"
banana*,"-1.0,-1.0,-1.0"
pear*,"-1.0,1.0,-1.0"
orange/*,"1.0,-1.0,-1.0"
strawberry*,"-1.0,-1.0,-1.0"
pineapple*,"-1.0,-1.0,-1.0"
peach*,"1.0,1.0,1.0"
cherry*,"-1.0,1.0,1.0"
melon*,"-1.0,-1.0,-1.0"
watermelon*,"-1.0,-1.0,-1.0"
avocado*,"1.0,1.0,1.0"
kiwi*,"-1.0,1.0,-1.0"
mango*,"-1.0,-1.0,1.0"
durian*,"1.0,-1.0,1.0"
starfruit*,"-1.0,1.0,-1.0"
mangosteen*,"1.0,-1.0,1.0"
dragon-fruit*,"-1.0,-1.0,-1.0"
pomegranate*,"-1.0,-1.0,1.0"
fige*,"1.0,1.0,-1.0"
vegetable*,"-1.0,-1.0,-1.0"
potato*,"-1.0,1.0,1.0"
sweet-potato*,"-1.0,1.0,1.0"
tomato*,"1.0,1.0,1.0"
mustard*,"-1.0,1.0,1.0"
ketchup*,"1.0,1.0,1.0"
bamboo*,"-1.0,-1.0,-1.0"
mushroom*,"1.0,-1.0,-1.0"
garlic*,"1.0,-1.0,-1.0"
ginger*,"-1.0,-1.0,1.0"
scallion*,"1.0,-1.0,-1.0"
cucumber*,"1.0,-1.0,-1.0"
onion*,"1.0,-1.0,-1.0"
pea*,"-1.0,1.0,1.0"
spinach*,"-1.0,1.0,1.0"
broccoli*,"1.0,-1.0,-1.0"
cabbage*,"1.0,1.0,1.0"
cauliflower*,"1.0,-1.0,-1.0"
pumpkin*,"1.0,1.0,1.0"
celery*,"-1.0,-1.0,-1.0"
lettuce*,"-1.0,1.0,-1.0"
carrot*,"1.0,-1.0,1.0"
corn*,"1.0,-1.0,-1.0"
eggplant*,"-1.0,-1.0,-1.0"
gourd*,"1.0,1.0,-1.0"
seed*,"1.0,-1.0,1.0"
leaf*,"-1.0,1.0,-1.0"
twig*,"-1.0,-1.0,-1.0"
branch*,"-1.0,1.0,-1.0"
trunk*,"1.0,-1.0,-1.0"
stump*,"1.0,1.0,1.0"
root*,"-1.0,1.0,-1.0"
bark/*,"1.0,-1.0,1.0"
bush*,"1.0,1.0,-1.0"
flower*,"1.0,-1.0,-1.0"
petal*,"-1.0,1.0,1.0"
stem*,"-1.0,1.0,1.0"
spike*,"1.0,1.0,1.0"
lotus*,"1.0,-1.0,1.0"
rose*,"1.0,-1.0,1.0"
lily*,"-1.0,-1.0,-1.0"
daisy*,"-1.0,1.0,-1.0"
tulip*,"1.0,1.0,-1.0"
orchid*,"-1.0,-1.0,1.0"
carnation*,"-1.0,-1.0,1.0"
hyacinth*,"1.0,1.0,1.0"
chrysanthemum*,"-1.0,-1.0,1.0"
gladiolus*,"1.0,-1.0,-1.0"
daffodil*,"-1.0,1.0,1.0"
anemone*,"-1.0,-1.0,1.0"
peony*,"1.0,-1.0,1.0"
dahlia*,"-1.0,-1.0,-1.0"
marigold*,"-1.0,-1.0,-1.0"
buttercup*,"1.0,-1.0,-1.0"
azelea*,"-1.0,-1.0,-1.0"
geranium*,"-1.0,-1.0,1.0"
delphinium*,"-1.0,-1.0,1.0"
lavender*,"-1.0,-1.0,-1.0"
iris*,"-1.0,1.0,-1.0"
poppy*,"1.0,-1.0,-1.0"
camellia*,"-1.0,-1.0,-1.0"
hydrangea*,"-1.0,1.0,1.0"
snapdragon*,"-1.0,-1.0,-1.0"
hibiscus*,"1.0,1.0,1.0"
jasmine*,"-1.0,-1.0,-1.0"
lilac*,"-1.0,-1.0,-1.0"
chamomile*,"-1.0,-1.0,1.0"
sunflower*,"1.0,-1.0,-1.0"
reed*,"1.0,-1.0,1.0"
cactus*,"1.0,1.0,1.0"
thorn*,"1.0,-1.0,1.0"
willow*,"1.0,1.0,1.0"
aspen*,"-1.0,1.0,1.0"
mulberry-tree*,"-1.0,-1.0,-1.0"
pine*,"1.0,1.0,1.0"
locust-tree*,"-1.0,1.0,-1.0"
camphor-tree*,"1.0,-1.0,1.0"
ginkgo*,"1.0,-1.0,-1.0"
birch*,"1.0,-1.0,-1.0"
oak*,"1.0,1.0,-1.0"
palm-tree*,"-1.0,-1.0,1.0"
sycamore*,"1.0,-1.0,1.0"
cedar*,"-1.0,-1.0,1.0"
elm*,"1.0,-1.0,-1.0"
beech*,"1.0,1.0,1.0"
maple*,"-1.0,-1.0,1.0"
banyan*,"-1.0,-1.0,1.0"
fir*,"1.0,1.0,1.0"
vine*,"-1.0,-1.0,-1.0"
grass*,"-1.0,-1.0,-1.0"
straw*,"-1.0,-1.0,1.0"
herb*,"-1.0,-1.0,1.0"
moss*,"1.0,-1.0,-1.0"
skin*,"1.0,-1.0,-1.0"
meat*,"-1.0,1.0,-1.0"
blood*,"-1.0,-1.0,-1.0"
bone*,"1.0,1.0,-1.0"
skeleton*,"1.0,1.0,1.0"
marrow*,"-1.0,-1.0,-1.0"
pus*,"1.0,1.0,1.0"
fat/*,"-1.0,-1.0,-1.0"
oil*,"-1.0,-1.0,1.0"
egg*,"1.0,-1.0,-1.0"
egg-white*,"-1.0,-1.0,-1.0"
yolk*,"1.0,-1.0,-1.0"
milk*,"-1.0,-1.0,-1.0"
butter*,"1.0,-1.0,1.0"
yogurt*,"1.0,-1.0,-1.0"
cream*,"-1.0,-1.0,-1.0"
ice-cream*,"1.0,-1.0,-1.0"
cheese*,"1.0,-1.0,1.0"
feta*,"-1.0,1.0,1.0"
mozzarella*,"-1.0,-1.0,1.0"
parmesan*,"-1.0,-1.0,1.0"
nut*,"1.0,-1.0,-1.0"
walnut*,"1.0,-1.0,-1.0"
peanut*,"1.0,1.0,-1.0"
chestnut*,"-1.0,1.0,1.0"
almond*,"-1.0,-1.0,-1.0"
pistachio*,"1.0,1.0,1.0"
cashew*,"-1.0,1.0,1.0"
acorn*,"1.0,-1.0,1.0"
hazelnut*,"-1.0,-1.0,-1.0"
bean*,"1.0,1.0,-1.0"
powder*,"1.0,-1.0,-1.0"
fluid*,"1.0,-1.0,1.0"
cereal*,"-1.0,-1.0,-1.0"
rice*,"-1.0,-1.0,-1.0"
wheat*,"-1.0,-1.0,-1.0"
yeast*,"-1.0,-1.0,1.0"
dough*,"1.0,1.0,1.0"
bread*,"-1.0,1.0,1.0"
crust*,"1.0,1.0,-1.0"
noodle*,"1.0,-1.0,1.0"
soup*,"1.0,1.0,-1.0"
wine*,"-1.0,-1.0,-1.0"
juice*,"1.0,1.0,-1.0"
tea*,"1.0,1.0,-1.0"
coffee*,"1.0,1.0,-1.0"
coke*,"1.0,1.0,-1.0"
milkshake*,"-1.0,1.0,-1.0"
smoothie*,"1.0,-1.0,-1.0"
beverage*,"-1.0,-1.0,1.0"
beer*,"1.0,-1.0,1.0"
champagne*,"-1.0,1.0,1.0"
vodka*,"1.0,1.0,1.0"
whiskey*,"-1.0,1.0,-1.0"
tequila*,"-1.0,1.0,-1.0"
cocktail*,"1.0,1.0,1.0"
vinegar*,"-1.0,1.0,-1.0"
sauce*,"1.0,1.0,1.0"
soysauce*,"1.0,1.0,-1.0"
pickle*,"1.0,1.0,1.0"
tofu*,"1.0,1.0,-1.0"
pepper*,"1.0,1.0,1.0"
chili*,"-1.0,1.0,1.0"
curry*,"1.0,-1.0,-1.0"
vanilla*,"-1.0,-1.0,1.0"
nutmeg*,"-1.0,1.0,-1.0"
cinnamon*,"-1.0,-1.0,1.0"
mint*,"-1.0,-1.0,1.0"
basil*,"-1.0,-1.0,-1.0"
cookie*,"1.0,1.0,-1.0"
chocolate*,"1.0,1.0,-1.0"
candy*,"-1.0,1.0,1.0"
doughnut*,"1.0,1.0,1.0"
pudding*,"1.0,-1.0,-1.0"
cake*,"1.0,1.0,1.0"
cheesecake*,"1.0,1.0,1.0"
croissant*,"1.0,1.0,1.0"
pancake*,"1.0,1.0,1.0"
apple-pie*,"-1.0,1.0,1.0"
honey*,"-1.0,-1.0,-1.0"
sugar*,"1.0,-1.0,1.0"
food*,"1.0,-1.0,1.0"
knife*,"-1.0,1.0,1.0"
spoon*,"1.0,1.0,-1.0"
fork*,"1.0,1.0,-1.0"
plate*,"-1.0,1.0,-1.0"
bowl*,"1.0,-1.0,-1.0"
cup*,"1.0,1.0,-1.0"
bottle*,"1.0,1.0,-1.0"
pot*,"1.0,-1.0,-1.0"
pan*,"-1.0,-1.0,1.0"
horn*,"1.0,-1.0,1.0"
tail*,"1.0,1.0,-1.0"
feather*,"1.0,-1.0,1.0"
fur*,"1.0,-1.0,1.0"
hair*,"1.0,1.0,-1.0"
beard*,"-1.0,-1.0,1.0"
head*,"-1.0,1.0,1.0"
face*,"1.0,1.0,1.0"
ear*,"1.0,1.0,-1.0"
eye*,"1.0,1.0,1.0"
iris/*,"-1.0,1.0,-1.0"
pupil*,"1.0,-1.0,1.0"
tear*,"-1.0,1.0,1.0"
nose*,"1.0,-1.0,-1.0"
snot*,"1.0,-1.0,-1.0"
mouth*,"1.0,-1.0,-1.0"
lip*,"1.0,-1.0,-1.0"
tooth*,"-1.0,-1.0,-1.0"
tongue*,"-1.0,-1.0,1.0"
limb*,"1.0,-1.0,-1.0"
finger*,"1.0,-1.0,1.0"
fingernail*,"1.0,1.0,-1.0"
foot*,"1.0,-1.0,-1.0"
ankle*,"-1.0,1.0,1.0"
toe*,"1.0,-1.0,-1.0"
leg*,"-1.0,-1.0,-1.0"
knee*,"1.0,-1.0,-1.0"
joints*,"-1.0,-1.0,-1.0"
hand*,"-1.0,1.0,1.0"
palm*,"-1.0,-1.0,1.0"
wrist*,"1.0,-1.0,-1.0"
arm*,"-1.0,-1.0,-1.0"
shoulder*,"1.0,-1.0,1.0"
belly*,"1.0,-1.0,-1.0"
guts*,"-1.0,-1.0,1.0"
neck*,"1.0,-1.0,-1.0"
back*,"-1.0,1.0,1.0"
breast*,"1.0,-1.0,1.0"
waist*,"-1.0,1.0,-1.0"
hip*,"1.0,1.0,-1.0"
armpit*,"-1.0,1.0,1.0"
cheek*,"1.0,1.0,1.0"
chin*,"-1.0,-1.0,1.0"
brain*,"1.0,-1.0,1.0"
heart*,"1.0,-1.0,1.0"
liver*,"-1.0,1.0,-1.0"
lung*,"1.0,-1.0,-1.0"
kidney*,"-1.0,-1.0,1.0"
pancreas*,"-1.0,1.0,1.0"
gall-bladder*,"-1.0,1.0,-1.0"
spleen*,"-1.0,-1.0,1.0"
stomach*,"1.0,-1.0,-1.0"
intestine*,"1.0,1.0,1.0"
bladder*,"-1.0,-1.0,-1.0"
nerve*,"-1.0,-1.0,1.0"
muscle*,"1.0,1.0,-1.0"
vein*,"-1.0,-1.0,-1.0"
artery*,"-1.0,-1.0,1.0"
sweat*,"1.0,1.0,-1.0"
poop*,"1.0,1.0,1.0"
urine*,"-1.0,-1.0,-1.0"
fart*,"1.0,1.0,1.0"
disease*,"1.0,1.0,-1.0"
pain*,"1.0,-1.0,1.0"
medicine*,"-1.0,-1.0,1.0"
poison*,"1.0,-1.0,1.0"
body*,"1.0,-1.0,-1.0"
life*,"-1.0,-1.0,-1.0"
world*,"1.0,-1.0,1.0"
nature*,"-1.0,1.0,-1.0"
element*,"-1.0,-1.0,1.0"
sun*,"1.0,-1.0,1.0"
moon*,"1.0,-1.0,-1.0"
star*,"-1.0,1.0,1.0"
air*,"-1.0,-1.0,-1.0"
water*,"1.0,-1.0,1.0"
wave*,"-1.0,-1.0,-1.0"
whirlpool*,"1.0,-1.0,1.0"
bubble*,"1.0,-1.0,-1.0"
foam*,"1.0,-1.0,-1.0"
rain*,"1.0,-1.0,-1.0"
dew*,"1.0,-1.0,-1.0"
rainbow*,"-1.0,-1.0,1.0"
river*,"1.0,-1.0,-1.0"
lake*,"1.0,-1.0,-1.0"
sea*,"-1.0,-1.0,1.0"
beach*,"-1.0,1.0,-1.0"
reef*,"1.0,1.0,-1.0"
island*,"-1.0,-1.0,1.0"
salt*,"1.0,-1.0,1.0"
stone*,"-1.0,-1.0,-1.0"
sand*,"-1.0,1.0,1.0"
dust*,"1.0,-1.0,-1.0"
earth*,"1.0,-1.0,-1.0"
cloud*,"1.0,-1.0,1.0"
lightning*,"-1.0,-1.0,-1.0"
thunder*,"1.0,-1.0,1.0"
storm*,"1.0,1.0,1.0"
fog*,"1.0,-1.0,-1.0"
sky*,"1.0,-1.0,1.0"
wind*,"1.0,-1.0,1.0"
snow*,"1.0,1.0,-1.0"
ice*,"1.0,1.0,1.0"
frost*,"1.0,-1.0,-1.0"
hail*,"-1.0,-1.0,1.0"
smoke*,"1.0,-1.0,1.0"
fire*,"1.0,1.0,-1.0"
ash*,"1.0,1.0,-1.0"
road*,"1.0,-1.0,-1.0"
hole*,"1.0,1.0,-1.0"
swamp*,"-1.0,-1.0,1.0"
land*,"-1.0,-1.0,-1.0"
field*,"-1.0,-1.0,1.0"
mine*,"1.0,-1.0,-1.0"
mountain*,"1.0,-1.0,1.0"
volcano*,"1.0,-1.0,-1.0"
peak*,"1.0,1.0,1.0"
cliff*,"-1.0,1.0,-1.0"
desert*,"-1.0,-1.0,1.0"
glacier*,"1.0,-1.0,-1.0"
coast*,"1.0,1.0,1.0"
spring*,"1.0,1.0,1.0"
waterfall*,"-1.0,1.0,1.0"
plain*,"-1.0,-1.0,1.0"
hill*,"1.0,-1.0,-1.0"
valley*,"-1.0,-1.0,-1.0"
hurricane*,"-1.0,-1.0,1.0"
tornado*,"1.0,-1.0,1.0"
tsunami*,"1.0,-1.0,-1.0"
earthquake*,"-1.0,-1.0,-1.0"
flood*,"1.0,-1.0,-1.0"
landslide*,"-1.0,-1.0,1.0"
avalanche*,"-1.0,-1.0,-1.0"
snowstorm*,"1.0,1.0,-1.0"
second*,"1.0,1.0,1.0"
minute*,"1.0,1.0,1.0"
hour*,"1.0,-1.0,-1.0"
day*,"1.0,-1.0,1.0"
today*,"1.0,-1.0,1.0"
yesterday*,"-1.0,-1.0,1.0"
tomorrow*,"1.0,-1.0,1.0"
night*,"1.0,-1.0,-1.0"
week*,"1.0,1.0,-1.0"
month*,"-1.0,-1.0,-1.0"
year*,"1.0,-1.0,1.0"
date*,"-1.0,1.0,-1.0"
season*,"1.0,1.0,-1.0"
spring/*,"-1.0,-1.0,1.0"
summer*,"1.0,1.0,1.0"
autumn*,"1.0,-1.0,1.0"
winter*,"-1.0,-1.0,1.0"
north*,"1.0,-1.0,1.0"
east*,"-1.0,1.0,-1.0"
south*,"1.0,-1.0,-1.0"
west*,"-1.0,1.0,-1.0"
monday*,"-1.0,1.0,-1.0"
tuesday*,"-1.0,1.0,-1.0"
wednesday*,"-1.0,-1.0,-1.0"
thursday*,"-1.0,1.0,-1.0"
friday*,"-1.0,1.0,1.0"
saturday*,"-1.0,1.0,1.0"
sunday*,"-1.0,-1.0,1.0"
january*,"-1.0,-1.0,1.0"
february*,"-1.0,-1.0,1.0"
march*,"-1.0,-1.0,1.0"
april*,"-1.0,-1.0,-1.0"
may*,"-1.0,-1.0,-1.0"
june*,"1.0,-1.0,-1.0"
july*,"1.0,-1.0,-1.0"
august*,"1.0,1.0,-1.0"
september*,"-1.0,1.0,-1.0"
october*,"1.0,-1.0,-1.0"
november*,"1.0,-1.0,-1.0"
december*,"-1.0,1.0,-1.0"
light//*,"-1.0,-1.0,-1.0"
flash*,"-1.0,1.0,-1.0"
shadow*,"1.0,-1.0,1.0"
mirror*,"1.0,1.0,1.0"
sound*,"1.0,-1.0,-1.0"
voice*,"1.0,1.0,-1.0"
material*,"-1.0,-1.0,1.0"
glass*,"-1.0,1.0,-1.0"
metal*,"-1.0,1.0,1.0"
rust*,"1.0,1.0,-1.0"
plastic*,"-1.0,1.0,-1.0"
wood*,"1.0,-1.0,1.0"
rubber*,"1.0,-1.0,-1.0"
wax*,"-1.0,-1.0,-1.0"
clay*,"1.0,-1.0,1.0"
ceramic*,"-1.0,-1.0,1.0"
gold*,"1.0,-1.0,-1.0"
silver/*,"-1.0,-1.0,1.0"
copper*,"1.0,-1.0,-1.0"
diamond*,"-1.0,-1.0,-1.0"
treasure*,"1.0,1.0,1.0"
jewel*,"-1.0,1.0,1.0"
silk*,"-1.0,1.0,-1.0"
cotton*,"1.0,-1.0,1.0"
linen*,"-1.0,-1.0,-1.0"
wool*,"-1.0,-1.0,1.0"
velvet*,"1.0,-1.0,1.0"
cloth*,"-1.0,1.0,1.0"
clothes*,"-1.0,1.0,-1.0"
power*,"1.0,-1.0,1.0"
war*,"1.0,-1.0,-1.0"
peace*,"-1.0,1.0,1.0"
weapon*,"-1.0,1.0,-1.0"
arrow*,"1.0,-1.0,-1.0"
bow*,"1.0,-1.0,1.0"
spear*,"1.0,1.0,1.0"
sword*,"1.0,1.0,-1.0"
axe*,"-1.0,1.0,-1.0"
saw*,"-1.0,-1.0,-1.0"
hook*,"1.0,1.0,1.0"
shackle*,"-1.0,-1.0,1.0"
rope*,"1.0,1.0,-1.0"
chain*,"-1.0,-1.0,1.0"
whip*,"1.0,1.0,-1.0"
slingshot*,"1.0,1.0,-1.0"
hammer*,"1.0,-1.0,1.0"
rake*,"-1.0,1.0,-1.0"
trap*,"-1.0,1.0,-1.0"
shield*,"1.0,1.0,1.0"
gun*,"1.0,1.0,1.0"
bomb*,"1.0,-1.0,-1.0"
grenade*,"-1.0,-1.0,1.0"
scales*,"-1.0,-1.0,-1.0"
cage*,"1.0,1.0,1.0"
barrel*,"-1.0,-1.0,1.0"
bucket*,"1.0,-1.0,-1.0"
hoe*,"1.0,1.0,-1.0"
shovel*,"1.0,-1.0,1.0"
sickle*,"1.0,1.0,1.0"
bellows*,"1.0,-1.0,1.0"
mill*,"1.0,-1.0,-1.0"
pestle*,"-1.0,1.0,-1.0"
mortar*,"1.0,-1.0,-1.0"
dustpan*,"1.0,1.0,-1.0"
pivot*,"1.0,1.0,1.0"
spindle*,"1.0,-1.0,1.0"
shuttle*,"-1.0,1.0,1.0"
fiber*,"-1.0,1.0,1.0"
yarn*,"-1.0,-1.0,-1.0"
warp*,"1.0,-1.0,-1.0"
weft*,"-1.0,1.0,-1.0"
loom*,"1.0,1.0,-1.0"
name*,"-1.0,-1.0,-1.0"
home*,"-1.0,-1.0,1.0"
house*,"-1.0,1.0,1.0"
room*,"1.0,-1.0,1.0"
wall*,"1.0,-1.0,-1.0"
floor*,"1.0,1.0,-1.0"
ceiling*,"-1.0,-1.0,1.0"
window*,"-1.0,-1.0,1.0"
curtain*,"-1.0,-1.0,1.0"
roof*,"-1.0,1.0,-1.0"
chimney*,"-1.0,-1.0,1.0"
pool*,"-1.0,-1.0,1.0"
garden*,"-1.0,1.0,1.0"
yard*,"1.0,-1.0,-1.0"
fence*,"-1.0,-1.0,-1.0"
toilet*,"1.0,-1.0,1.0"
bathroom*,"1.0,-1.0,1.0"
bedroom*,"1.0,-1.0,-1.0"
study*,"-1.0,1.0,-1.0"
living-room*,"1.0,-1.0,1.0"
dining-room*,"-1.0,-1.0,1.0"
kitchen*,"1.0,1.0,1.0"
tap*,"1.0,-1.0,1.0"
board*,"-1.0,1.0,-1.0"
shelf*,"-1.0,1.0,1.0"
tray*,"-1.0,1.0,-1.0"
garbage*,"1.0,1.0,-1.0"
dustbin*,"1.0,1.0,-1.0"
nursery*,"-1.0,-1.0,1.0"
hoop*,"1.0,-1.0,1.0"
trampoline*,"-1.0,-1.0,-1.0"
ladder*,"-1.0,-1.0,-1.0"
bench*,"-1.0,-1.0,1.0"
bar*,"-1.0,-1.0,1.0"
kite*,"-1.0,1.0,1.0"
balloon*,"1.0,-1.0,1.0"
slide/*,"1.0,1.0,-1.0"
swing/*,"-1.0,-1.0,-1.0"
seesaw*,"-1.0,1.0,1.0"
merry-go-around*,"-1.0,-1.0,-1.0"
tunnel*,"1.0,-1.0,1.0"
rocking-horse*,"-1.0,-1.0,1.0"
sandpit*,"-1.0,1.0,-1.0"
building-block*,"1.0,1.0,-1.0"
puppet*,"-1.0,-1.0,1.0"
doll*,"1.0,-1.0,-1.0"
balcony*,"-1.0,-1.0,1.0"
attic*,"1.0,1.0,-1.0"
basement*,"1.0,-1.0,1.0"
garage*,"-1.0,-1.0,1.0"
car*,"1.0,-1.0,-1.0"
cart*,"-1.0,1.0,1.0"
shopping-cart*,"-1.0,1.0,1.0"
wheel*,"1.0,-1.0,-1.0"
train/*,"1.0,-1.0,-1.0"
plane*,"1.0,1.0,1.0"
truck*,"1.0,-1.0,-1.0"
bicycle*,"-1.0,1.0,1.0"
bus*,"1.0,1.0,-1.0"
boat*,"1.0,1.0,1.0"
ship*,"1.0,-1.0,-1.0"
tire*,"1.0,1.0,-1.0"
gasoline*,"-1.0,-1.0,-1.0"
engine*,"1.0,-1.0,1.0"
machine*,"-1.0,1.0,-1.0"
robot*,"1.0,-1.0,-1.0"
ticket*,"1.0,1.0,1.0"
transportation*,"1.0,-1.0,-1.0"
door*,"1.0,1.0,-1.0"
table*,"-1.0,1.0,-1.0"
chair*,"-1.0,1.0,-1.0"
bed*,"-1.0,1.0,-1.0"
bed-sheet*,"-1.0,1.0,-1.0"
quilt*,"1.0,-1.0,-1.0"
pillow*,"1.0,-1.0,1.0"
cushion*,"1.0,-1.0,1.0"
wardrobe*,"-1.0,-1.0,-1.0"
closet*,"-1.0,1.0,1.0"
soap*,"1.0,1.0,-1.0"
sponge*,"1.0,-1.0,1.0"
candle*,"-1.0,-1.0,1.0"
torch*,"1.0,1.0,1.0"
incense*,"1.0,1.0,1.0"
cigarette*,"-1.0,1.0,1.0"
lock*,"1.0,-1.0,1.0"
key*,"-1.0,-1.0,-1.0"
comb*,"1.0,1.0,1.0"
needle*,"-1.0,-1.0,-1.0"
pin*,"-1.0,1.0,1.0"
thread*,"-1.0,-1.0,1.0"
wire*,"-1.0,-1.0,1.0"
bag*,"-1.0,1.0,-1.0"
box*,"1.0,1.0,-1.0"
basket*,"1.0,1.0,1.0"
net*,"-1.0,1.0,-1.0"
card*,"-1.0,1.0,1.0"
ring*,"-1.0,-1.0,-1.0"
tool*,"1.0,-1.0,1.0"
gift*,"-1.0,-1.0,1.0"
language*,"-1.0,-1.0,-1.0"
word*,"-1.0,-1.0,-1.0"
letter*,"-1.0,1.0,-1.0"
paper*,"-1.0,1.0,1.0"
book*,"1.0,1.0,-1.0"
page*,"-1.0,1.0,-1.0"
file*,"-1.0,1.0,1.0"
dictionary*,"-1.0,-1.0,-1.0"
pencil*,"-1.0,1.0,-1.0"
pen*,"-1.0,1.0,-1.0"
brush*,"1.0,1.0,-1.0"
ink*,"1.0,1.0,1.0"
letter/*,"-1.0,1.0,1.0"
stamp*,"-1.0,1.0,1.0"
postcard*,"1.0,1.0,1.0"
note*,"1.0,1.0,1.0"
paint*,"-1.0,1.0,1.0"
picture*,"1.0,1.0,-1.0"
frame*,"-1.0,-1.0,-1.0"
photograph*,"1.0,1.0,1.0"
map*,"-1.0,1.0,1.0"
list*,"-1.0,1.0,-1.0"
table/*,"-1.0,1.0,-1.0"
chart*,"-1.0,1.0,-1.0"
calendar*,"-1.0,-1.0,1.0"
schedule*,"-1.0,-1.0,1.0"
compass*,"1.0,-1.0,1.0"
ruler*,"-1.0,-1.0,-1.0"
toy*,"1.0,-1.0,1.0"
clock*,"1.0,-1.0,-1.0"
lamp*,"-1.0,-1.0,-1.0"
fan*,"-1.0,1.0,1.0"
camera*,"-1.0,-1.0,1.0"
telephone*,"-1.0,1.0,1.0"
television*,"-1.0,-1.0,1.0"
computer*,"1.0,1.0,-1.0"
laptop*,"1.0,1.0,-1.0"
program*,"1.0,-1.0,-1.0"
network*,"-1.0,1.0,-1.0"
refrigerator*,"1.0,-1.0,1.0"
air-conditioner*,"-1.0,-1.0,1.0"
washing-machine*,"-1.0,-1.0,-1.0"
vacuum-cleaner*,"1.0,1.0,-1.0"
oven*,"1.0,-1.0,1.0"
kettle*,"1.0,1.0,-1.0"
microwave*,"1.0,-1.0,-1.0"
razor*,"-1.0,1.0,-1.0"
radio*,"-1.0,-1.0,-1.0"
chip*,"1.0,1.0,1.0"
screen*,"-1.0,-1.0,1.0"
keyboard*,"-1.0,1.0,-1.0"
scanner*,"-1.0,1.0,1.0"
printer*,"1.0,1.0,-1.0"
earphone*,"1.0,1.0,-1.0"
microphone*,"1.0,1.0,-1.0"
loudspeaker*,"1.0,1.0,1.0"
instrument*,"1.0,-1.0,1.0"
concert*,"1.0,-1.0,1.0"
opera*,"-1.0,1.0,1.0"
orchestra*,"1.0,1.0,-1.0"
symphony*,"1.0,-1.0,-1.0"
melody*,"1.0,-1.0,-1.0"
rhythm*,"1.0,-1.0,1.0"
rhyme*,"-1.0,-1.0,-1.0"
lyrics*,"-1.0,1.0,-1.0"
classical-music*,"-1.0,1.0,1.0"
pop-music*,"1.0,1.0,-1.0"
jazz*,"-1.0,-1.0,-1.0"
blues*,"1.0,-1.0,-1.0"
punk*,"1.0,-1.0,1.0"
rock*,"-1.0,1.0,1.0"
horn/*,"1.0,1.0,1.0"
trumpet*,"1.0,1.0,1.0"
saxophone*,"1.0,1.0,-1.0"
tuba*,"1.0,-1.0,-1.0"
drum*,"1.0,-1.0,-1.0"
guitar*,"-1.0,1.0,1.0"
cello*,"1.0,-1.0,1.0"
violin*,"-1.0,-1.0,1.0"
piano*,"1.0,-1.0,-1.0"
organ*,"-1.0,-1.0,1.0"
string*,"1.0,-1.0,-1.0"
flute*,"1.0,-1.0,-1.0"
whistle*,"-1.0,1.0,1.0"
bell*,"1.0,-1.0,-1.0"
hat*,"1.0,1.0,1.0"
crown*,"1.0,-1.0,-1.0"
cloak*,"-1.0,1.0,-1.0"
dress*,"1.0,1.0,-1.0"
suit*,"1.0,1.0,1.0"
skirt*,"1.0,1.0,1.0"
sweater*,"1.0,1.0,1.0"
shirt*,"-1.0,1.0,1.0"
T-shirt*,"1.0,1.0,-1.0"
pants*,"-1.0,-1.0,1.0"
shoe*,"1.0,1.0,1.0"
sock*,"1.0,1.0,1.0"
pocket*,"1.0,1.0,1.0"
coat*,"1.0,1.0,1.0"
stain*,"-1.0,1.0,1.0"
game*,"1.0,-1.0,-1.0"
sport*,"1.0,1.0,1.0"
contest*,"1.0,1.0,-1.0"
race*,"-1.0,1.0,1.0"
team*,"1.0,1.0,-1.0"
exercise*,"-1.0,-1.0,1.0"
basketball*,"1.0,1.0,1.0"
football*,"1.0,-1.0,1.0"
baseball*,"1.0,-1.0,1.0"
volleyball*,"1.0,-1.0,1.0"
badminton*,"-1.0,-1.0,1.0"
tennis*,"-1.0,1.0,1.0"
table-tennis*,"-1.0,1.0,1.0"
entertainment*,"-1.0,-1.0,1.0"
music*,"1.0,1.0,-1.0"
art*,"-1.0,1.0,1.0"
sex*,"1.0,1.0,-1.0"
gender*,"-1.0,-1.0,-1.0"
race/*,"-1.0,1.0,-1.0"
number*,"1.0,-1.0,1.0"
average*,"-1.0,-1.0,-1.0"
maximum*,"1.0,1.0,1.0"
minimum*,"-1.0,-1.0,-1.0"
sequence*,"1.0,1.0,-1.0"
level*,"-1.0,1.0,1.0"
layer*,"-1.0,1.0,1.0"
pattern*,"1.0,-1.0,1.0"
stripe*,"-1.0,1.0,1.0"
grid*,"-1.0,1.0,-1.0"
spot*,"1.0,-1.0,1.0"
type*,"1.0,1.0,-1.0"
group*,"1.0,-1.0,-1.0"
rule*,"1.0,-1.0,-1.0"
amount*,"1.0,1.0,1.0"
technology*,"1.0,1.0,-1.0"
election*,"1.0,-1.0,-1.0"
magazine*,"-1.0,-1.0,-1.0"
newspaper*,"-1.0,1.0,1.0"
price*,"-1.0,1.0,-1.0"
contract*,"1.0,-1.0,1.0"
sign/*,"-1.0,1.0,1.0"
symbol*,"1.0,-1.0,1.0"
image*,"-1.0,-1.0,-1.0"
science*,"-1.0,1.0,-1.0"
order*,"-1.0,-1.0,1.0"
chaos*,"1.0,1.0,1.0"
god*,"1.0,-1.0,-1.0"
magic*,"-1.0,-1.0,1.0"
illusion*,"-1.0,-1.0,-1.0"
labyrinth*,"-1.0,-1.0,-1.0"
religion*,"-1.0,-1.0,-1.0"
heaven*,"-1.0,-1.0,1.0"
hell*,"1.0,-1.0,1.0"
angel*,"-1.0,-1.0,1.0"
devil*,"-1.0,-1.0,-1.0"
fairy*,"-1.0,1.0,-1.0"
monster*,"1.0,1.0,1.0"
dwarf*,"1.0,-1.0,1.0"
immortal*,"1.0,-1.0,1.0"
ghost*,"-1.0,-1.0,-1.0"
myth*,"1.0,1.0,-1.0"
law*,"1.0,1.0,-1.0"
media*,"-1.0,-1.0,-1.0"
message*,"-1.0,1.0,1.0"
information*,"1.0,-1.0,1.0"
view*,"1.0,-1.0,-1.0"
preference*,"-1.0,1.0,-1.0"
bias*,"-1.0,1.0,-1.0"
effort*,"1.0,1.0,1.0"
problem*,"1.0,-1.0,1.0"
experience*,"-1.0,-1.0,1.0"
regret*,"-1.0,1.0,1.0"
happiness*,"1.0,1.0,-1.0"
luck*,"1.0,1.0,-1.0"
fate*,"-1.0,1.0,1.0"
coincidence*,"-1.0,1.0,1.0"
chance*,"1.0,1.0,-1.0"
probability*,"-1.0,1.0,1.0"
theory*,"1.0,1.0,-1.0"
paradox*,"-1.0,-1.0,1.0"
conflict*,"1.0,-1.0,-1.0"
experiment*,"-1.0,-1.0,1.0"
model*,"1.0,-1.0,-1.0"
performance*,"-1.0,1.0,1.0"
analysis*,"-1.0,-1.0,1.0"
cause*,"1.0,1.0,-1.0"
effect*,"1.0,1.0,1.0"
evidence*,"1.0,1.0,-1.0"
period*,"1.0,1.0,1.0"
process*,"1.0,1.0,1.0"
progress*,"1.0,-1.0,-1.0"
end*,"1.0,1.0,1.0"
goal*,"1.0,1.0,-1.0"
standard*,"-1.0,1.0,1.0"
idea*,"-1.0,1.0,-1.0"
knowledge*,"1.0,1.0,-1.0"
detail*,"-1.0,1.0,1.0"
feature*,"-1.0,1.0,1.0"
trace*,"-1.0,1.0,-1.0"
example*,"1.0,-1.0,1.0"
case*,"1.0,1.0,1.0"
value*,"-1.0,-1.0,1.0"
money*,"-1.0,-1.0,-1.0"
system*,"1.0,1.0,1.0"
society*,"1.0,1.0,1.0"
environment*,"-1.0,-1.0,1.0"
education*,"1.0,1.0,-1.0"
literature*,"-1.0,1.0,-1.0"
mathematics*,"-1.0,1.0,1.0"
physics*,"-1.0,1.0,1.0"
chemistry*,"-1.0,1.0,1.0"
biology*,"1.0,-1.0,-1.0"
culture*,"1.0,-1.0,-1.0"
politics*,"1.0,1.0,-1.0"
economy*,"1.0,1.0,1.0"
finance*,"-1.0,1.0,-1.0"
army*,"-1.0,-1.0,-1.0"
agriculture*,"-1.0,1.0,-1.0"
company*,"1.0,1.0,1.0"
industry*,"-1.0,-1.0,-1.0"
story*,"-1.0,-1.0,-1.0"
job*,"1.0,-1.0,-1.0"
responsibility*,"-1.0,1.0,1.0"
justice*,"-1.0,1.0,1.0"
morality*,"-1.0,1.0,-1.0"
history*,"-1.0,1.0,-1.0"
memory*,"-1.0,-1.0,-1.0"
past*,"-1.0,1.0,1.0"
present/*,"-1.0,1.0,-1.0"
future*,"1.0,-1.0,1.0"
city*,"1.0,-1.0,1.0"
district*,"-1.0,1.0,-1.0"
town*,"-1.0,1.0,-1.0"
building*,"-1.0,-1.0,-1.0"
beam*,"-1.0,-1.0,-1.0"
pillar*,"-1.0,-1.0,-1.0"
pipe*,"1.0,-1.0,1.0"
stairs*,"-1.0,1.0,1.0"
elevator*,"-1.0,1.0,-1.0"
crane/*,"1.0,-1.0,-1.0"
construction-site*,"1.0,1.0,-1.0"
palace*,"-1.0,1.0,1.0"
castle*,"-1.0,1.0,1.0"
fort*,"1.0,-1.0,-1.0"
amphitheater*,"-1.0,1.0,1.0"
dome*,"1.0,-1.0,1.0"
arch*,"1.0,-1.0,-1.0"
tower*,"1.0,-1.0,1.0"
cloister*,"1.0,1.0,-1.0"
cross*,"1.0,1.0,-1.0"
brick*,"-1.0,1.0,-1.0"
cement*,"-1.0,-1.0,1.0"
lighthouse*,"-1.0,1.0,1.0"
pyramid*,"-1.0,-1.0,1.0"
hut*,"1.0,1.0,1.0"
barn*,"1.0,-1.0,1.0"
cellar*,"-1.0,1.0,1.0"
pub*,"1.0,1.0,1.0"
log-cabin*,"-1.0,-1.0,-1.0"
skyscraper*,"-1.0,1.0,1.0"
gym*,"-1.0,-1.0,1.0"
factory*,"-1.0,1.0,1.0"
monument*,"1.0,-1.0,1.0"
street*,"1.0,1.0,-1.0"
bridge*,"-1.0,1.0,-1.0"
station*,"1.0,1.0,1.0"
school*,"1.0,-1.0,-1.0"
student*,"1.0,-1.0,1.0"
market*,"-1.0,1.0,-1.0"
shop*,"1.0,-1.0,1.0"
hotel*,"1.0,1.0,1.0"
restaurant*,"-1.0,-1.0,-1.0"
park*,"-1.0,1.0,1.0"
hospital*,"-1.0,1.0,1.0"
office*,"1.0,1.0,-1.0"
farm*,"-1.0,-1.0,1.0"
camp*,"1.0,-1.0,-1.0"
theater*,"1.0,1.0,1.0"
stage*,"-1.0,1.0,-1.0"
audience*,"1.0,-1.0,-1.0"
character*,"-1.0,1.0,1.0"
play/*,"-1.0,1.0,-1.0"
script*,"1.0,1.0,-1.0"
library*,"-1.0,1.0,-1.0"
temple*,"-1.0,1.0,1.0"
church*,"-1.0,1.0,1.0"
court*,"1.0,1.0,1.0"
prison*,"-1.0,1.0,-1.0"
victim*,"-1.0,-1.0,-1.0"
murder*,"-1.0,-1.0,-1.0"
port*,"1.0,-1.0,1.0"
bank*,"-1.0,-1.0,1.0"
country*,"-1.0,1.0,-1.0"
king*,"-1.0,-1.0,1.0"
queen*,"-1.0,-1.0,1.0"
prince*,"-1.0,-1.0,-1.0"
princess*,"-1.0,1.0,-1.0"
president*,"-1.0,1.0,-1.0"
neighbor*,"-1.0,-1.0,-1.0"
friend*,"-1.0,-1.0,-1.0"
enemy*,"1.0,-1.0,1.0"
doctor*,"1.0,-1.0,-1.0"
architect*,"-1.0,1.0,1.0"
manager*,"1.0,-1.0,1.0"
secretary*,"-1.0,1.0,-1.0"
chairman*,"-1.0,1.0,1.0"
judge*,"1.0,1.0,-1.0"
lawyer*,"-1.0,1.0,1.0"
accountant*,"-1.0,1.0,-1.0"
teacher*,"1.0,1.0,1.0"
professor*,"1.0,1.0,-1.0"
programmer*,"1.0,-1.0,-1.0"
politician*,"1.0,1.0,-1.0"
dentist*,"-1.0,1.0,1.0"
prime-minister*,"-1.0,-1.0,-1.0"
assistant*,"1.0,1.0,-1.0"
prosecutor*,"1.0,1.0,1.0"
intern*,"-1.0,1.0,1.0"
librarian*,"-1.0,1.0,-1.0"
consultant*,"1.0,-1.0,1.0"
farmer*,"1.0,-1.0,1.0"
lorry-driver*,"1.0,1.0,-1.0"
train-driver*,"-1.0,1.0,-1.0"
butcher*,"-1.0,1.0,-1.0"
construction-worker*,"-1.0,1.0,-1.0"
carpenter*,"1.0,1.0,1.0"
electrician*,"-1.0,1.0,-1.0"
plumber*,"-1.0,-1.0,-1.0"
mechanic*,"-1.0,1.0,-1.0"
cleaner*,"-1.0,1.0,-1.0"
gardener*,"-1.0,-1.0,1.0"
fisherman*,"-1.0,1.0,1.0"
policeman*,"1.0,1.0,-1.0"
firefighter*,"1.0,1.0,1.0"
nurse*,"-1.0,-1.0,1.0"
pilot*,"1.0,1.0,1.0"
stewardess*,"1.0,1.0,1.0"
midwife*,"-1.0,-1.0,-1.0"
cook/*,"-1.0,1.0,1.0"
waiter*,"1.0,-1.0,1.0"
tailor*,"-1.0,-1.0,-1.0"
cashier*,"-1.0,1.0,-1.0"
receptionist*,"-1.0,1.0,1.0"
optician*,"1.0,1.0,1.0"
soldier*,"-1.0,1.0,-1.0"
bus-driver*,"1.0,1.0,-1.0"
bodyguard*,"-1.0,-1.0,1.0"
priest*,"1.0,1.0,1.0"
photographer*,"1.0,-1.0,1.0"
referee*,"-1.0,1.0,-1.0"
reporter*,"1.0,1.0,-1.0"
actor*,"1.0,1.0,1.0"
dancer*,"-1.0,1.0,1.0"
edge*,"1.0,-1.0,-1.0"
corner*,"1.0,-1.0,-1.0"
center*,"1.0,1.0,1.0"
point*,"1.0,1.0,-1.0"
line*,"-1.0,-1.0,-1.0"
loop*,"1.0,-1.0,-1.0"
surface*,"-1.0,1.0,1.0"
shape*,"1.0,1.0,1.0"
circle*,"1.0,-1.0,1.0"
triangle*,"1.0,-1.0,-1.0"
square*,"-1.0,-1.0,-1.0"
rectangle*,"1.0,-1.0,-1.0"
ball*,"-1.0,-1.0,1.0"
lump*,"1.0,-1.0,-1.0"
cube*,"1.0,-1.0,1.0"
knot*,"1.0,-1.0,-1.0"
time*,"1.0,1.0,1.0"
place*,"-1.0,1.0,-1.0"
space*,"1.0,1.0,-1.0"
energy*,"-1.0,-1.0,1.0"
matter*,"-1.0,-1.0,1.0"
weight*,"1.0,1.0,1.0"
volume*,"1.0,-1.0,-1.0"
length*,"1.0,-1.0,-1.0"
width*,"-1.0,-1.0,1.0"
height*,"-1.0,1.0,-1.0"
density*,"-1.0,1.0,-1.0"
frequency*,"-1.0,1.0,-1.0"
amplitude*,"1.0,-1.0,-1.0"
distance*,"-1.0,1.0,1.0"
gap*,"1.0,1.0,1.0"
ground*,"1.0,-1.0,1.0"
burden*,"-1.0,-1.0,1.0"
structure*,"1.0,1.0,-1.0"
displacement*,"-1.0,1.0,-1.0"
vector*,"1.0,1.0,1.0"
speed*,"1.0,1.0,1.0"
velocity*,"-1.0,1.0,1.0"
direction*,"-1.0,-1.0,-1.0"
magnitude*,"1.0,1.0,-1.0"
acceleration*,"-1.0,1.0,-1.0"
force*,"1.0,-1.0,1.0"
collision*,"-1.0,-1.0,-1.0"
gravity*,"-1.0,1.0,1.0"
inertia*,"-1.0,-1.0,1.0"
friction*,"1.0,-1.0,-1.0"
impulse*,"1.0,-1.0,1.0"
pressure*,"1.0,1.0,1.0"
momentum*,"1.0,-1.0,-1.0"
particle*,"-1.0,1.0,1.0"
atom*,"1.0,1.0,1.0"
electricity*,"-1.0,1.0,1.0"
magnet*,"-1.0,-1.0,1.0"
ray*,"-1.0,-1.0,-1.0"
telescope*,"1.0,1.0,1.0"
lens*,"-1.0,1.0,-1.0"
universe*,"-1.0,-1.0,1.0"
nebula*,"1.0,-1.0,-1.0"
galaxy*,"-1.0,1.0,-1.0"
black-hole*,"1.0,-1.0,-1.0"
planet*,"-1.0,-1.0,-1.0"
satellite*,"-1.0,1.0,-1.0"
meteor*,"-1.0,1.0,1.0"
comet*,"1.0,1.0,-1.0"
crater*,"-1.0,1.0,-1.0"
solar-system*,"1.0,1.0,1.0"
eclipse*,"1.0,1.0,-1.0"
solstice*,"1.0,1.0,-1.0"
dawn*,"1.0,-1.0,1.0"
dusk*,"1.0,-1.0,-1.0"
phase*,"-1.0,1.0,1.0"
zodiac*,"1.0,1.0,-1.0"
mercury*,"1.0,-1.0,1.0"
venus*,"1.0,-1.0,1.0"
earth/*,"1.0,1.0,-1.0"
crust/*,"1.0,-1.0,-1.0"
mantle*,"-1.0,-1.0,1.0"
core*,"-1.0,-1.0,1.0"
mars*,"-1.0,-1.0,1.0"
jupiter*,"1.0,1.0,1.0"
saturn*,"1.0,1.0,1.0"
uranus*,"1.0,-1.0,1.0"
neptune*,"1.0,-1.0,-1.0"
pluto*,"1.0,-1.0,-1.0"
can*,"-1.0,-1.0,1.0"
must*,"1.0,-1.0,-1.0"
should*,"-1.0,-1.0,-1.0"
at*,"-1.0,1.0,-1.0"
in*,"-1.0,-1.0,1.0"
on*,"1.0,-1.0,1.0"
from*,"1.0,1.0,-1.0"
to*,"1.0,1.0,1.0"
toward*,"-1.0,-1.0,-1.0"
since*,"1.0,1.0,-1.0"
until*,"-1.0,1.0,1.0"
up*,"1.0,-1.0,1.0"
down*,"1.0,1.0,-1.0"
forward*,"-1.0,-1.0,1.0"
backwards*,"-1.0,1.0,1.0"
left*,"-1.0,1.0,-1.0"
right*,"1.0,1.0,-1.0"
into*,"-1.0,-1.0,-1.0"
out*,"1.0,1.0,-1.0"
above*,"1.0,-1.0,-1.0"
below*,"-1.0,-1.0,-1.0"
before*,"1.0,-1.0,1.0"
behind*,"-1.0,1.0,1.0"
top*,"1.0,1.0,-1.0"
bottom*,"-1.0,-1.0,-1.0"
front*,"1.0,-1.0,1.0"
rear/*,"-1.0,1.0,-1.0"
left/*,"1.0,-1.0,-1.0"
right/*,"1.0,1.0,-1.0"
inside*,"-1.0,-1.0,1.0"
outside*,"1.0,-1.0,1.0"
with*,"-1.0,1.0,-1.0"
and*,"-1.0,-1.0,1.0"
during*,"-1.0,-1.0,1.0"
around*,"-1.0,-1.0,1.0"
between*,"-1.0,1.0,-1.0"
about*,"-1.0,1.0,-1.0"
of*,"1.0,-1.0,-1.0"
or*,"1.0,1.0,-1.0"
although*,"-1.0,-1.0,1.0"
but*,"-1.0,-1.0,1.0"
if*,"-1.0,1.0,1.0"
because*,"-1.0,1.0,1.0"
so*,"-1.0,-1.0,-1.0"
for*,"1.0,-1.0,1.0"
as*,"1.0,-1.0,1.0"
except*,"1.0,1.0,-1.0"
according-to*,"-1.0,-1.0,-1.0"
rather-than*,"-1.0,-1.0,1.0"
when/*,"-1.0,-1.0,1.0"
now*,"1.0,1.0,-1.0"
just*,"-1.0,-1.0,-1.0"
recently*,"-1.0,1.0,1.0"
yet*,"1.0,-1.0,-1.0"
still*,"1.0,-1.0,1.0"
before/*,"-1.0,-1.0,1.0"
originally*,"-1.0,-1.0,-1.0"
finally*,"-1.0,1.0,1.0"
immediately*,"1.0,-1.0,-1.0"
gradually*,"-1.0,1.0,-1.0"
after*,"-1.0,-1.0,1.0"
already*,"-1.0,-1.0,-1.0"
never*,"-1.0,1.0,1.0"
rarely*,"-1.0,-1.0,1.0"
sometimes*,"-1.0,-1.0,-1.0"
often*,"1.0,-1.0,1.0"
usually*,"-1.0,-1.0,-1.0"
always*,"-1.0,-1.0,1.0"
all-the-time*,"-1.0,-1.0,1.0"
forever*,"-1.0,1.0,1.0"
again*,"-1.0,-1.0,1.0"
then*,"-1.0,-1.0,-1.0"
each-other*,"-1.0,-1.0,1.0"
together*,"-1.0,-1.0,1.0"
exactly*,"-1.0,1.0,-1.0"
sure*,"1.0,1.0,1.0"
maybe*,"-1.0,1.0,-1.0"
a-little*,"1.0,1.0,1.0"
somewhat*,"1.0,1.0,-1.0"
almost*,"-1.0,1.0,-1.0"
very*,"1.0,-1.0,-1.0"
too*,"1.0,-1.0,-1.0"
even/*,"1.0,1.0,-1.0"
only*,"1.0,-1.0,-1.0"
just/*,"1.0,-1.0,-1.0"
also*,"1.0,-1.0,1.0"
really*,"-1.0,-1.0,-1.0"
hello*,"-1.0,-1.0,1.0"
okay*,"1.0,1.0,1.0"
goodbye*,"-1.0,-1.0,1.0"
lanyard*,"1.0,-1.0,-1.0"
jewelry*,"-1.0,-1.0,1.0"
watch*,"1.0,-1.0,-1.0"
wreck*,"-1.0,-1.0,-1.0"
glue*,"1.0,-1.0,-1.0"
duct-tape*,"-1.0,1.0,1.0"
potpourri*,"1.0,-1.0,-1.0"
helicopter*,"1.0,1.0,-1.0"
jet*,"1.0,1.0,-1.0"
seaplane*,"-1.0,-1.0,-1.0"
blimp*,"-1.0,-1.0,-1.0"
airplane*,"1.0,-1.0,1.0"
hot-chocolate*,"1.0,1.0,1.0"
siren*,"-1.0,-1.0,1.0"
wine-bottle*,"-1.0,-1.0,1.0"
breathalyzer*,"-1.0,-1.0,1.0"
margarita*,"-1.0,-1.0,1.0"
bullet*,"-1.0,-1.0,-1.0"
cannonball*,"1.0,-1.0,1.0"
tadpole*,"1.0,1.0,1.0"
toad*,"1.0,1.0,-1.0"
carousel*,"-1.0,-1.0,1.0"
ferris-wheel*,"-1.0,-1.0,-1.0"
roller-coaster*,"1.0,1.0,1.0"
aardvark*,"-1.0,-1.0,1.0"
alpaca*,"-1.0,1.0,1.0"
antelope*,"-1.0,-1.0,1.0"
badger*,"1.0,1.0,-1.0"
beaver*,"1.0,-1.0,-1.0"
boar*,"1.0,-1.0,-1.0"
bull*,"1.0,-1.0,1.0"
chinchilla*,"-1.0,-1.0,1.0"
coyote*,"1.0,1.0,-1.0"
deer*,"1.0,-1.0,1.0"
ferret*,"-1.0,1.0,-1.0"
gazelle*,"-1.0,-1.0,1.0"
gopher*,"1.0,-1.0,1.0"
hyena*,"-1.0,-1.0,1.0"
kitten*,"-1.0,1.0,1.0"
koala*,"-1.0,-1.0,-1.0"
llama*,"-1.0,-1.0,-1.0"
mole*,"1.0,-1.0,-1.0"
mongoose*,"1.0,-1.0,-1.0"
moose*,"1.0,-1.0,-1.0"
pony*,"1.0,-1.0,-1.0"
raccoon*,"1.0,1.0,-1.0"
racehorse*,"-1.0,1.0,1.0"
ram*,"-1.0,-1.0,1.0"
reindeer*,"1.0,-1.0,1.0"
skunk*,"1.0,1.0,-1.0"
sloth*,"1.0,-1.0,-1.0"
slug*,"-1.0,-1.0,-1.0"
warthog*,"1.0,1.0,1.0"
weasel*,"-1.0,-1.0,-1.0"
yak*,"-1.0,1.0,-1.0"
coop*,"1.0,1.0,-1.0"
hay*,"-1.0,-1.0,-1.0"
spider-web*,"-1.0,-1.0,-1.0"
birdhouse*,"-1.0,-1.0,1.0"
piglet*,"-1.0,1.0,1.0"
chick*,"1.0,1.0,1.0"
cougar*,"1.0,-1.0,1.0"
panther*,"-1.0,1.0,1.0"
puppy*,"1.0,1.0,1.0"
anteater*,"-1.0,-1.0,1.0"
bison*,"1.0,-1.0,1.0"
hippopotamus*,"1.0,1.0,1.0"
meerkat*,"-1.0,1.0,1.0"
platypus*,"-1.0,1.0,1.0"
porcupine*,"1.0,1.0,1.0"
possum*,"1.0,-1.0,-1.0"
guinea-pig*,"1.0,-1.0,-1.0"
groundhog*,"1.0,-1.0,-1.0"
leech*,"-1.0,1.0,-1.0"
pinball*,"-1.0,-1.0,-1.0"
target*,"1.0,-1.0,1.0"
gargoyle*,"-1.0,-1.0,1.0"
column*,"1.0,-1.0,-1.0"
graffiti*,"-1.0,1.0,-1.0"
painting*,"-1.0,1.0,-1.0"
canvas*,"-1.0,-1.0,1.0"
crayon*,"-1.0,-1.0,1.0"
easel*,"-1.0,1.0,1.0"
marker*,"-1.0,-1.0,1.0"
paintbrush*,"-1.0,1.0,1.0"
palette*,"-1.0,1.0,1.0"
origami*,"-1.0,-1.0,-1.0"
fossil*,"1.0,1.0,1.0"
totem-pole*,"1.0,-1.0,1.0"
spacesuit*,"-1.0,1.0,-1.0"
headset*,"1.0,1.0,1.0"
headphones*,"1.0,1.0,-1.0"
tape-recorder*,"-1.0,-1.0,-1.0"
speaker*,"1.0,-1.0,1.0"
cassette*,"-1.0,1.0,1.0"
projector*,"1.0,-1.0,1.0"
badge*,"-1.0,-1.0,1.0"
medal*,"-1.0,-1.0,1.0"
trophy*,"1.0,1.0,1.0"
duckling*,"-1.0,1.0,1.0"
playpen*,"1.0,1.0,-1.0"
stroller*,"1.0,1.0,1.0"
crib*,"1.0,-1.0,-1.0"
highchair*,"-1.0,1.0,1.0"
bassinet*,"-1.0,1.0,1.0"
bib*,"-1.0,-1.0,1.0"
diaper*,"-1.0,1.0,1.0"
pacifier*,"1.0,1.0,1.0"
rattle*,"-1.0,1.0,-1.0"
generator*,"-1.0,-1.0,1.0"
briefcase*,"-1.0,1.0,1.0"
muffin*,"-1.0,1.0,1.0"
flour*,"-1.0,-1.0,-1.0"
cake-mix*,"1.0,1.0,-1.0"
cookie-cutter*,"1.0,1.0,-1.0"
cookie-sheet*,"1.0,1.0,-1.0"
sifter*,"1.0,1.0,-1.0"
cash-machine*,"-1.0,1.0,1.0"
checkbook*,"1.0,1.0,1.0"
shaker*,"-1.0,1.0,1.0"
gate*,"1.0,1.0,1.0"
home-plate*,"-1.0,1.0,-1.0"
shower-curtain*,"-1.0,-1.0,1.0"
bathmat*,"-1.0,1.0,1.0"
bathtub*,"-1.0,-1.0,1.0"
towel-rack*,"-1.0,1.0,-1.0"
washcloth*,"1.0,1.0,-1.0"
sandcastle*,"-1.0,1.0,1.0"
coffee-bean*,"1.0,1.0,-1.0"
makeup*,"1.0,1.0,1.0"
nail-file*,"-1.0,-1.0,-1.0"
cot*,"1.0,-1.0,1.0"
air-mattress*,"-1.0,-1.0,-1.0"
blanket*,"1.0,1.0,1.0"
sheet*,"1.0,1.0,1.0"
mattress*,"1.0,-1.0,-1.0"
honeycomb*,"-1.0,-1.0,1.0"
buckle*,"1.0,1.0,-1.0"
air-pump*,"1.0,-1.0,-1.0"
cardinal*,"-1.0,-1.0,1.0"
cockatoo*,"1.0,1.0,1.0"
hawk*,"1.0,-1.0,1.0"
peacock*,"1.0,1.0,-1.0"
pheasant*,"-1.0,1.0,1.0"
puffin*,"1.0,1.0,1.0"
rooster*,"1.0,-1.0,1.0"
seagull*,"-1.0,-1.0,1.0"
turkey*,"1.0,1.0,-1.0"
vulture*,"1.0,-1.0,1.0"
toucan*,"1.0,1.0,1.0"
backgammon*,"-1.0,-1.0,-1.0"
checkers*,"-1.0,1.0,1.0"
scrabble*,"-1.0,-1.0,-1.0"
chessboard*,"1.0,1.0,-1.0"
cruise-ship*,"-1.0,-1.0,1.0"
tugboat*,"1.0,-1.0,-1.0"
oar*,"1.0,-1.0,-1.0"
paddle*,"-1.0,1.0,1.0"
anchor*,"-1.0,-1.0,1.0"
canoe*,"-1.0,-1.0,1.0"
ferry*,"-1.0,-1.0,1.0"
gondola*,"1.0,-1.0,-1.0"
kayak*,"-1.0,1.0,1.0"
sailboat*,"1.0,-1.0,1.0"
yacht*,"1.0,1.0,1.0"
tattoo*,"-1.0,1.0,1.0"
elbow*,"1.0,-1.0,1.0"
navel*,"1.0,1.0,-1.0"
skull*,"1.0,1.0,1.0"
thumb*,"1.0,-1.0,1.0"
torso*,"1.0,-1.0,1.0"
album*,"1.0,-1.0,1.0"
cork*,"1.0,-1.0,1.0"
cap*,"1.0,1.0,1.0"
punching-bag*,"1.0,1.0,-1.0"
bun*,"1.0,-1.0,-1.0"
oatmeal*,"1.0,-1.0,1.0"
omelet*,"-1.0,-1.0,-1.0"
scrambled-egg*,"1.0,-1.0,-1.0"
waffle*,"1.0,-1.0,1.0"
veil*,"1.0,-1.0,1.0"
chute*,"1.0,1.0,-1.0"
lumber*,"1.0,-1.0,1.0"
tile*,"-1.0,1.0,-1.0"
fencepost*,"1.0,1.0,1.0"
cash-register*,"-1.0,1.0,-1.0"
birdcage*,"-1.0,-1.0,1.0"
flashbulb*,"1.0,-1.0,-1.0"
tripod*,"1.0,1.0,-1.0"
sleeping-bag*,"1.0,1.0,-1.0"
stake*,"1.0,1.0,-1.0"
tent*,"-1.0,1.0,1.0"
caramel*,"-1.0,-1.0,1.0"
cotton-candy*,"-1.0,1.0,1.0"
gum*,"1.0,-1.0,-1.0"
gumball*,"1.0,-1.0,1.0"
gumdrop*,"1.0,-1.0,-1.0"
jelly-bean*,"-1.0,-1.0,-1.0"
licorice*,"-1.0,1.0,-1.0"
lollipop*,"1.0,-1.0,-1.0"
peppermint*,"-1.0,-1.0,1.0"
taffy*,"1.0,1.0,1.0"
roof-rack*,"-1.0,1.0,-1.0"
seatbelt*,"-1.0,1.0,1.0"
airbag*,"-1.0,-1.0,-1.0"
jack*,"1.0,1.0,-1.0"
station-wagon*,"1.0,1.0,-1.0"
sawhorse*,"1.0,1.0,-1.0"
sim-card*,"-1.0,1.0,1.0"
teacup*,"-1.0,1.0,1.0"
candy-cane*,"-1.0,1.0,1.0"
altar*,"-1.0,-1.0,1.0"
pulpit*,"1.0,1.0,1.0"
chalkboard*,"-1.0,-1.0,1.0"
dishrag*,"-1.0,1.0,-1.0"
dishwashing-liquid*,"-1.0,1.0,1.0"
rag*,"-1.0,-1.0,-1.0"
broom*,"1.0,1.0,-1.0"
duster*,"1.0,1.0,-1.0"
mop*,"1.0,-1.0,-1.0"
squeegee*,"1.0,1.0,-1.0"
sweeper*,"1.0,1.0,1.0"
vacuum*,"1.0,-1.0,-1.0"
cuckoo-clock*,"1.0,1.0,-1.0"
tapestry*,"-1.0,1.0,-1.0"
blazer*,"-1.0,1.0,-1.0"
cape*,"1.0,1.0,-1.0"
cardigan*,"-1.0,-1.0,1.0"
chaps*,"1.0,1.0,1.0"
costume*,"1.0,-1.0,-1.0"
hoodie*,"1.0,1.0,1.0"
jeans*,"-1.0,-1.0,1.0"
kilt*,"1.0,1.0,1.0"
kimono*,"1.0,-1.0,1.0"
outfit*,"1.0,1.0,-1.0"
overalls*,"1.0,-1.0,-1.0"
pantyhose*,"1.0,-1.0,1.0"
polo-shirt*,"1.0,1.0,1.0"
robe*,"-1.0,1.0,-1.0"
shawl*,"-1.0,1.0,1.0"
shorts*,"1.0,-1.0,1.0"
sweatsuit*,"1.0,1.0,-1.0"
toga*,"1.0,-1.0,1.0"
turtleneck*,"1.0,-1.0,-1.0"
undershirt*,"1.0,1.0,1.0"
underwear*,"1.0,1.0,1.0"
vest*,"1.0,1.0,-1.0"
bandanna*,"-1.0,-1.0,1.0"
belt-buckle*,"1.0,1.0,1.0"
cufflink*,"1.0,1.0,-1.0"
handkerchief*,"-1.0,-1.0,1.0"
muff*,"1.0,-1.0,-1.0"
patch*,"-1.0,1.0,1.0"
scarf*,"-1.0,-1.0,1.0"
suspenders*,"-1.0,1.0,1.0"
bowtie*,"1.0,1.0,-1.0"
cummerbund*,"1.0,-1.0,1.0"
belt*,"1.0,-1.0,1.0"
boa*,"1.0,-1.0,-1.0"
headscarf*,"1.0,-1.0,1.0"
garter*,"-1.0,1.0,-1.0"
mannequin*,"-1.0,-1.0,-1.0"
hanger*,"-1.0,1.0,1.0"
bathrobe*,"-1.0,1.0,1.0"
glove*,"-1.0,-1.0,1.0"
uniform*,"1.0,-1.0,-1.0"
jumpsuit*,"1.0,-1.0,-1.0"
lab-coat*,"-1.0,-1.0,1.0"
nightshirt*,"-1.0,1.0,-1.0"
pajamas*,"-1.0,-1.0,1.0"
leotard*,"1.0,1.0,-1.0"
swimsuit*,"1.0,-1.0,-1.0"
loincloth*,"-1.0,-1.0,-1.0"
blouse*,"1.0,1.0,-1.0"
pantsuit*,"1.0,-1.0,-1.0"
stockings*,"1.0,-1.0,1.0"
tube-top*,"1.0,-1.0,1.0"
espresso*,"1.0,1.0,-1.0"
sarcophagus*,"1.0,1.0,1.0"
figurine*,"-1.0,1.0,-1.0"
puddle*,"1.0,-1.0,-1.0"
payphone*,"-1.0,1.0,1.0"
phone*,"1.0,1.0,1.0"
phone-booth*,"-1.0,1.0,1.0"
satellite-dish*,"-1.0,1.0,1.0"
telegraph*,"-1.0,-1.0,-1.0"
cellphone*,"1.0,-1.0,1.0"
mail*,"1.0,1.0,1.0"
mousepad*,"-1.0,1.0,1.0"
webcam*,"-1.0,-1.0,1.0"
memory-stick*,"1.0,1.0,1.0"
router*,"1.0,-1.0,1.0"
hard-disk*,"1.0,1.0,-1.0"
motherboard*,"-1.0,-1.0,1.0"
touchpad*,"1.0,1.0,1.0"
calculator*,"-1.0,1.0,-1.0"
maple-syrup*,"1.0,-1.0,-1.0"
soy-sauce*,"1.0,1.0,-1.0"
syrup*,"1.0,1.0,1.0"
jam*,"-1.0,-1.0,1.0"
bulldozer*,"1.0,-1.0,-1.0"
cement-mixer*,"-1.0,-1.0,-1.0"
scaffold*,"-1.0,-1.0,1.0"
scaffolding*,"-1.0,-1.0,1.0"
jackhammer*,"-1.0,-1.0,1.0"
bin*,"-1.0,-1.0,1.0"
jar*,"1.0,-1.0,1.0"
mailbox*,"1.0,-1.0,-1.0"
oilcan*,"-1.0,-1.0,1.0"
shopping-basket*,"1.0,1.0,1.0"
urn*,"1.0,-1.0,-1.0"
lid*,"-1.0,1.0,1.0"
keg*,"1.0,-1.0,1.0"
thermos*,"1.0,1.0,1.0"
tupperware*,"-1.0,1.0,1.0"
honeypot*,"1.0,-1.0,1.0"
jug*,"1.0,1.0,1.0"
paper-bag*,"-1.0,1.0,1.0"
crate*,"-1.0,1.0,-1.0"
gingerbread-man*,"-1.0,-1.0,-1.0"
wafer*,"1.0,1.0,1.0"
shortbread*,"1.0,1.0,-1.0"
grill*,"-1.0,-1.0,-1.0"
whisk*,"-1.0,1.0,-1.0"
wok*,"1.0,1.0,1.0"
ice-pack*,"-1.0,1.0,1.0"
lip-balm*,"-1.0,-1.0,-1.0"
mask*,"-1.0,1.0,1.0"
awning*,"-1.0,-1.0,-1.0"
grate*,"-1.0,-1.0,-1.0"
bead*,"-1.0,1.0,1.0"
knitting*,"-1.0,1.0,-1.0"
knitting-needle*,"-1.0,1.0,-1.0"
pom-pom*,"1.0,-1.0,-1.0"
tiara*,"-1.0,-1.0,-1.0"
crayfish*,"-1.0,1.0,-1.0"
chalice*,"-1.0,1.0,1.0"
mug*,"1.0,1.0,-1.0"
pepperoni*,"1.0,1.0,-1.0"
scissors*,"-1.0,1.0,-1.0"
cream-cheese*,"-1.0,-1.0,-1.0"
diskette*,"-1.0,1.0,1.0"
ribbon*,"-1.0,-1.0,1.0"
sequin*,"-1.0,1.0,-1.0"
sticker*,"1.0,1.0,1.0"
poster*,"1.0,1.0,1.0"
tinsel*,"-1.0,-1.0,-1.0"
stained-glass*,"-1.0,1.0,-1.0"
denture*,"-1.0,1.0,-1.0"
retainer*,"-1.0,1.0,-1.0"
toothpaste*,"-1.0,1.0,1.0"
banana-split*,"-1.0,-1.0,1.0"
brownie*,"1.0,-1.0,-1.0"
cupcake*,"1.0,1.0,1.0"
flan*,"-1.0,-1.0,-1.0"
fruitcake*,"1.0,1.0,-1.0"
mousse*,"1.0,1.0,-1.0"
parfait*,"-1.0,1.0,1.0"
sundae*,"1.0,1.0,-1.0"
tiramisu*,"-1.0,-1.0,1.0"
wedding-cake*,"-1.0,1.0,-1.0"
fudge*,"1.0,-1.0,1.0"
whipped-cream*,"-1.0,1.0,-1.0"
baklava*,"-1.0,-1.0,-1.0"
birthday-cake*,"1.0,1.0,1.0"
pastry*,"1.0,1.0,-1.0"
pie*,"-1.0,1.0,1.0"
popsicle*,"1.0,1.0,1.0"
sorbet*,"1.0,1.0,1.0"
napkin-ring*,"-1.0,1.0,-1.0"
chinaware*,"-1.0,1.0,1.0"
mud*,"1.0,-1.0,1.0"
saucer*,"1.0,1.0,1.0"
scuba*,"1.0,-1.0,1.0"
turntable*,"-1.0,1.0,-1.0"
chihuahua*,"1.0,1.0,-1.0"
dalmatian*,"-1.0,-1.0,1.0"
poodle*,"1.0,-1.0,1.0"
pug*,"1.0,1.0,1.0"
doorknocker*,"1.0,1.0,-1.0"
doorknob*,"1.0,-1.0,-1.0"
keyhole*,"1.0,-1.0,1.0"
revolving-door*,"1.0,-1.0,-1.0"
trapdoor*,"1.0,1.0,1.0"
raisin*,"-1.0,1.0,-1.0"
eggnog*,"1.0,-1.0,-1.0"
hot-air-balloon*,"1.0,-1.0,-1.0"
lemonade*,"-1.0,-1.0,-1.0"
soda*,"1.0,-1.0,-1.0"
flask*,"1.0,1.0,-1.0"
soda-fountain*,"1.0,-1.0,1.0"
swizzle-stick*,"-1.0,1.0,-1.0"
teabag*,"-1.0,1.0,-1.0"
latte*,"-1.0,1.0,-1.0"
goblet*,"1.0,1.0,-1.0"
chopsticks*,"1.0,1.0,1.0"
fuse*,"1.0,1.0,-1.0"
light-switch*,"1.0,1.0,1.0"
cable*,"-1.0,1.0,1.0"
cord*,"1.0,-1.0,-1.0"
power-line*,"-1.0,-1.0,-1.0"
outlet*,"1.0,1.0,-1.0"
charger*,"-1.0,1.0,-1.0"
plug*,"1.0,1.0,-1.0"
computer-screen*,"-1.0,-1.0,1.0"
metal-detector*,"-1.0,1.0,1.0"
tablet*,"-1.0,1.0,1.0"
cd-player*,"-1.0,1.0,-1.0"
remote-control*,"-1.0,-1.0,1.0"
switch*,"1.0,1.0,1.0"
dumbwaiter*,"1.0,1.0,-1.0"
extinguisher*,"1.0,1.0,-1.0"
ambulance*,"-1.0,-1.0,-1.0"
firetruck*,"1.0,1.0,1.0"
police-car*,"1.0,1.0,-1.0"
solar-panel*,"-1.0,-1.0,1.0"
waterwheel*,"-1.0,-1.0,-1.0"
videocassette*,"-1.0,1.0,1.0"
videogame*,"-1.0,-1.0,1.0"
electric-chair*,"-1.0,1.0,-1.0"
gallows*,"-1.0,1.0,1.0"
guillotine*,"-1.0,-1.0,1.0"
barbell*,"-1.0,-1.0,1.0"
dumbbell*,"-1.0,-1.0,1.0"
exerciser*,"1.0,1.0,1.0"
jump-rope*,"-1.0,1.0,1.0"
treadmill*,"-1.0,-1.0,-1.0"
dynamite*,"-1.0,-1.0,-1.0"
fireworks*,"-1.0,1.0,-1.0"
detonator*,"1.0,1.0,1.0"
firecracker*,"-1.0,1.0,-1.0"
eyepiece*,"-1.0,-1.0,1.0"
glasses*,"-1.0,1.0,1.0"
sunglasses*,"-1.0,-1.0,-1.0"
blindfold*,"-1.0,-1.0,1.0"
contact-lens*,"1.0,1.0,-1.0"
mustache*,"1.0,1.0,-1.0"
incubator*,"1.0,1.0,-1.0"
trough*,"-1.0,1.0,1.0"
yoke*,"1.0,-1.0,-1.0"
steamroller*,"-1.0,-1.0,-1.0"
tractor*,"1.0,1.0,-1.0"
pitchfork*,"1.0,-1.0,-1.0"
purse*,"1.0,1.0,1.0"
clasp*,"1.0,1.0,1.0"
zipper*,"1.0,-1.0,1.0"
velcro*,"1.0,-1.0,1.0"
tack*,"1.0,1.0,1.0"
safety-pin*,"-1.0,1.0,1.0"
screw*,"1.0,-1.0,-1.0"
parking-meter*,"-1.0,1.0,1.0"
barbed-wire*,"-1.0,1.0,1.0"
compost*,"1.0,-1.0,1.0"
reel*,"-1.0,-1.0,1.0"
fire-hydrant*,"-1.0,1.0,1.0"
hydrant*,"-1.0,1.0,1.0"
smoke-alarm*,"-1.0,-1.0,1.0"
matchbox*,"1.0,1.0,1.0"
lighter*,"-1.0,1.0,-1.0"
poker*,"1.0,1.0,1.0"
sparkler*,"-1.0,-1.0,-1.0"
blowfish*,"1.0,1.0,-1.0"
catfish*,"-1.0,1.0,1.0"
goldfish*,"1.0,1.0,1.0"
swordfish*,"1.0,1.0,-1.0"
sardine*,"-1.0,-1.0,1.0"
fishhook*,"1.0,1.0,1.0"
fishing-pole*,"-1.0,1.0,1.0"
net/*,"1.0,1.0,-1.0"
tackle*,"-1.0,1.0,1.0"
pedometer*,"1.0,1.0,1.0"
flagpole*,"1.0,-1.0,-1.0"
pennant*,"-1.0,-1.0,-1.0"
penlight*,"-1.0,-1.0,-1.0"
sandbag*,"-1.0,1.0,-1.0"
mat*,"-1.0,1.0,1.0"
rug*,"1.0,1.0,-1.0"
bouquet*,"1.0,1.0,1.0"
corsage*,"1.0,-1.0,1.0"
raft*,"1.0,1.0,-1.0"
lifesaver*,"-1.0,1.0,1.0"
appetizer*,"-1.0,1.0,1.0"
applesauce*,"1.0,1.0,-1.0"
batter*,"1.0,1.0,1.0"
breadstick*,"-1.0,1.0,1.0"
buffet*,"1.0,1.0,-1.0"
burrito*,"1.0,-1.0,-1.0"
calzone*,"1.0,-1.0,1.0"
casserole*,"1.0,1.0,1.0"
caviar*,"-1.0,-1.0,-1.0"
cornbread*,"-1.0,1.0,1.0"
dessert*,"1.0,1.0,-1.0"
dumpling*,"1.0,1.0,-1.0"
egg-roll*,"1.0,-1.0,-1.0"
enchilada*,"-1.0,-1.0,1.0"
fondue*,"1.0,-1.0,-1.0"
french-fries*,"-1.0,1.0,-1.0"
grain*,"-1.0,-1.0,-1.0"
granola*,"-1.0,-1.0,-1.0"
grits*,"1.0,-1.0,-1.0"
hamburger*,"-1.0,-1.0,1.0"
hash*,"-1.0,1.0,1.0"
hotdog*,"1.0,-1.0,-1.0"
lasagna*,"-1.0,-1.0,1.0"
marshmallow*,"1.0,-1.0,1.0"
meatball*,"1.0,1.0,-1.0"
meatloaf*,"-1.0,1.0,1.0"
nacho*,"1.0,-1.0,-1.0"
olive*,"1.0,-1.0,-1.0"
pasta*,"-1.0,1.0,1.0"
peanut-butter*,"-1.0,-1.0,1.0"
pizza*,"-1.0,1.0,-1.0"
potpie*,"1.0,1.0,-1.0"
quiche*,"1.0,1.0,-1.0"
ready-meal*,"-1.0,-1.0,1.0"
seafood*,"-1.0,1.0,1.0"
snack*,"-1.0,-1.0,-1.0"
spaghetti*,"-1.0,1.0,1.0"
spring-roll*,"1.0,-1.0,-1.0"
stir-fry*,"-1.0,1.0,1.0"
sushi*,"1.0,1.0,-1.0"
taco*,"1.0,1.0,1.0"
tamale*,"-1.0,-1.0,1.0"
tomato-sauce*,"1.0,1.0,1.0"
tortilla*,"1.0,-1.0,1.0"
tostada*,"1.0,1.0,1.0"
ice-cream-cone*,"1.0,-1.0,-1.0"
lunchbox*,"1.0,1.0,-1.0"
vending-machine*,"-1.0,-1.0,1.0"
aluminum-foil*,"-1.0,-1.0,1.0"
cooler*,"1.0,-1.0,-1.0"
crumb*,"1.0,-1.0,-1.0"
eggshell*,"1.0,1.0,1.0"
dip*,"1.0,1.0,-1.0"
biscuit*,"1.0,1.0,-1.0"
bagel*,"-1.0,-1.0,1.0"
crepe*,"1.0,1.0,-1.0"
toast*,"1.0,1.0,-1.0"
sauerkraut*,"1.0,1.0,1.0"
string-cheese*,"-1.0,-1.0,1.0"
bologna*,"1.0,-1.0,-1.0"
ice-cube*,"1.0,1.0,-1.0"
souffle*,"1.0,1.0,-1.0"
guacamole*,"1.0,-1.0,1.0"
hummus*,"1.0,-1.0,-1.0"
cheeseburger*,"1.0,-1.0,1.0"
marmalade*,"-1.0,-1.0,-1.0"
cornmeal*,"-1.0,-1.0,-1.0"
salad*,"-1.0,1.0,1.0"
fast-food*,"1.0,1.0,1.0"
chickpea*,"1.0,1.0,1.0"
sandwich*,"-1.0,1.0,-1.0"
ham*,"-1.0,1.0,1.0"
spareribs*,"-1.0,1.0,-1.0"
patty*,"1.0,1.0,1.0"
crouton*,"1.0,-1.0,-1.0"
gravy*,"1.0,1.0,1.0"
mashed-potato*,"-1.0,1.0,-1.0"
pretzel*,"-1.0,1.0,1.0"
stuffing*,"1.0,1.0,1.0"
sprouts*,"-1.0,1.0,1.0"
goalpost*,"1.0,-1.0,1.0"
flip-flop*,"1.0,1.0,-1.0"
sandal*,"-1.0,-1.0,1.0"
slipper*,"1.0,1.0,1.0"
shoehorn*,"1.0,1.0,1.0"
boot*,"1.0,1.0,1.0"
tuxedo*,"1.0,1.0,1.0"
amber*,"-1.0,-1.0,1.0"
perfume*,"1.0,1.0,1.0"
icicle*,"1.0,1.0,-1.0"
berry*,"-1.0,-1.0,-1.0"
blackberry*,"-1.0,-1.0,-1.0"
cantaloupe*,"-1.0,-1.0,1.0"
coconut*,"1.0,1.0,1.0"
cranberry*,"-1.0,-1.0,1.0"
fig*,"-1.0,1.0,-1.0"
grape*,"-1.0,-1.0,-1.0"
mulberry*,"1.0,-1.0,1.0"
plum*,"1.0,-1.0,1.0"
raspberry*,"1.0,-1.0,-1.0"
orange-rind*,"1.0,-1.0,1.0"
banana-peel*,"-1.0,-1.0,1.0"
apple-tree*,"-1.0,-1.0,-1.0"
blueberry*,"1.0,-1.0,1.0"
grapefruit*,"1.0,1.0,-1.0"
lemon*,"1.0,-1.0,-1.0"
lime*,"-1.0,-1.0,1.0"
prune*,"1.0,1.0,-1.0"
star-fruit*,"-1.0,-1.0,-1.0"
papaya*,"-1.0,1.0,1.0"
coal*,"-1.0,-1.0,1.0"
firewood*,"1.0,-1.0,1.0"
charcoal*,"-1.0,-1.0,1.0"
coffin*,"-1.0,1.0,1.0"
bookshelf*,"-1.0,1.0,1.0"
coffee-table*,"1.0,1.0,-1.0"
couch*,"1.0,1.0,1.0"
footrest*,"1.0,-1.0,-1.0"
loveseat*,"1.0,1.0,-1.0"
nightstand*,"-1.0,1.0,-1.0"
ottoman*,"1.0,-1.0,1.0"
rocking-chair*,"-1.0,1.0,1.0"
sofa-bed*,"-1.0,1.0,-1.0"
workbench*,"1.0,-1.0,-1.0"
bunkbed*,"-1.0,-1.0,-1.0"
dresser*,"-1.0,-1.0,-1.0"
beanbag*,"-1.0,1.0,1.0"
recliner*,"-1.0,-1.0,-1.0"
stool*,"1.0,1.0,-1.0"
step-stool*,"1.0,1.0,1.0"
coat-rack*,"-1.0,1.0,-1.0"
desk*,"1.0,-1.0,1.0"
bedpost*,"-1.0,-1.0,-1.0"
lectern*,"1.0,-1.0,1.0"
slot-machine*,"-1.0,-1.0,1.0"
roulette-wheel*,"1.0,-1.0,-1.0"
domino*,"1.0,-1.0,1.0"
hopscotch*,"1.0,1.0,1.0"
jigsaw-puzzle*,"1.0,1.0,1.0"
playing-card*,"-1.0,1.0,1.0"
ticktacktoe*,"1.0,1.0,1.0"
joystick*,"1.0,1.0,-1.0"
dart*,"-1.0,-1.0,-1.0"
dice*,"-1.0,1.0,1.0"
chess-piece*,"1.0,1.0,-1.0"
board-game*,"-1.0,1.0,-1.0"
dumpster*,"1.0,1.0,1.0"
trashcan*,"1.0,1.0,-1.0"
birdbath*,"-1.0,-1.0,1.0"
scarecrow*,"1.0,1.0,1.0"
wheelbarrow*,"-1.0,1.0,1.0"
roller*,"1.0,-1.0,-1.0"
shears*,"-1.0,1.0,-1.0"
watering-can*,"-1.0,-1.0,1.0"
hose*,"1.0,-1.0,-1.0"
trowel*,"-1.0,-1.0,1.0"
mulch*,"1.0,-1.0,-1.0"
emerald*,"-1.0,-1.0,-1.0"
ruby*,"1.0,-1.0,-1.0"
pearl*,"-1.0,-1.0,1.0"
globe*,"1.0,-1.0,-1.0"
stalagmite*,"-1.0,1.0,-1.0"
wrapping-paper*,"-1.0,1.0,1.0"
pitcher*,"1.0,1.0,1.0"
wineglass*,"-1.0,-1.0,-1.0"
kebab*,"-1.0,1.0,1.0"
nail-clippers*,"-1.0,1.0,-1.0"
tweezers*,"-1.0,1.0,1.0"
holster*,"1.0,1.0,1.0"
trigger*,"-1.0,-1.0,-1.0"
balance-beam*,"-1.0,-1.0,-1.0"
springboard*,"1.0,-1.0,-1.0"
barrette*,"-1.0,1.0,1.0"
hairnet*,"1.0,1.0,1.0"
hairpin*,"1.0,1.0,-1.0"
headband*,"-1.0,-1.0,-1.0"
wig*,"1.0,1.0,1.0"
hairspray*,"-1.0,1.0,-1.0"
curling-iron*,"-1.0,1.0,1.0"
flatiron*,"-1.0,1.0,1.0"
hairdryer*,"1.0,1.0,1.0"
hairbrush*,"-1.0,1.0,1.0"
braid*,"1.0,1.0,-1.0"
mullet*,"1.0,1.0,-1.0"
ramp*,"-1.0,-1.0,1.0"
bolt*,"1.0,-1.0,-1.0"
bracket*,"-1.0,1.0,1.0"
doorhandle*,"-1.0,1.0,-1.0"
hinge*,"-1.0,-1.0,1.0"
knob*,"1.0,-1.0,-1.0"
nail*,"1.0,1.0,-1.0"
beanie*,"-1.0,-1.0,-1.0"
bowler-hat*,"1.0,-1.0,1.0"
sombrero*,"1.0,-1.0,1.0"
visor*,"-1.0,-1.0,-1.0"
bonnet*,"1.0,1.0,1.0"
hood*,"1.0,1.0,1.0"
turban*,"1.0,-1.0,1.0"
headdress*,"1.0,1.0,1.0"
top-hat*,"1.0,-1.0,1.0"
fireplace*,"-1.0,-1.0,1.0"
furnace*,"1.0,-1.0,-1.0"
radiator*,"-1.0,-1.0,1.0"
cilantro*,"1.0,-1.0,-1.0"
parsley*,"-1.0,1.0,1.0"
chive*,"1.0,1.0,-1.0"
backpack*,"-1.0,1.0,-1.0"
puck*,"1.0,1.0,1.0"
spool*,"1.0,1.0,1.0"
slot*,"1.0,-1.0,-1.0"
christmas-tree*,"1.0,1.0,-1.0"
cornucopia*,"1.0,1.0,1.0"
mistletoe*,"1.0,1.0,-1.0"
easter-egg*,"-1.0,1.0,-1.0"
doormat*,"1.0,1.0,-1.0"
doorstop*,"1.0,1.0,-1.0"
dryer*,"1.0,1.0,-1.0"
heater*,"1.0,1.0,1.0"
water-heater*,"1.0,1.0,1.0"
sewing-machine*,"-1.0,1.0,-1.0"
candelabra*,"-1.0,-1.0,-1.0"
candlestick*,"-1.0,-1.0,1.0"
vase*,"-1.0,-1.0,1.0"
wreath*,"-1.0,-1.0,-1.0"
lampshade*,"-1.0,-1.0,1.0"
terrarium*,"-1.0,-1.0,-1.0"
centerpiece*,"1.0,1.0,-1.0"
doily*,"-1.0,-1.0,1.0"
hot-water-bottle*,"1.0,1.0,1.0"
blinder*,"-1.0,-1.0,-1.0"
horseshoe*,"1.0,-1.0,1.0"
stirrup*,"1.0,1.0,-1.0"
fishnet-stockings*,"1.0,1.0,1.0"
gurney*,"-1.0,-1.0,-1.0"
doorbell*,"1.0,-1.0,1.0"
iron*,"1.0,-1.0,1.0"
snowball*,"-1.0,-1.0,-1.0"
footprint*,"1.0,1.0,-1.0"
handprint*,"-1.0,1.0,1.0"
forklift*,"1.0,1.0,-1.0"
bulletin-board*,"-1.0,-1.0,1.0"
beetle*,"-1.0,-1.0,-1.0"
bug*,"1.0,1.0,-1.0"
cockroach*,"-1.0,1.0,1.0"
earwig*,"-1.0,-1.0,1.0"
lightning-bug*,"-1.0,-1.0,-1.0"
praying-mantis*,"-1.0,-1.0,1.0"
wasp*,"1.0,1.0,-1.0"
beehive*,"-1.0,-1.0,1.0"
cocoon*,"1.0,-1.0,-1.0"
mosquito-net*,"1.0,1.0,1.0"
tick*,"1.0,1.0,-1.0"
polygraph*,"1.0,-1.0,-1.0"
anklet*,"-1.0,1.0,1.0"
earring*,"-1.0,-1.0,-1.0"
locket*,"1.0,-1.0,1.0"
necklace*,"1.0,-1.0,-1.0"
brooch*,"1.0,-1.0,-1.0"
gem*,"-1.0,-1.0,1.0"
gavel*,"-1.0,-1.0,1.0"
candy-bar*,"-1.0,-1.0,1.0"
potholder*,"1.0,-1.0,-1.0"
blender*,"1.0,-1.0,-1.0"
coffee-pot*,"1.0,1.0,1.0"
coffeemaker*,"-1.0,1.0,1.0"
cooker*,"1.0,1.0,-1.0"
dishwasher*,"1.0,1.0,-1.0"
food-processor*,"1.0,1.0,1.0"
mixer*,"1.0,1.0,-1.0"
slicer*,"-1.0,1.0,1.0"
toaster*,"1.0,1.0,1.0"
toaster-oven*,"1.0,1.0,1.0"
waffle-iron*,"-1.0,1.0,-1.0"
hotplate*,"1.0,1.0,-1.0"
freezer*,"1.0,1.0,-1.0"
burner*,"1.0,-1.0,1.0"
apron*,"-1.0,1.0,-1.0"
meat-grinder*,"-1.0,1.0,-1.0"
wine-cooler*,"-1.0,-1.0,-1.0"
breadbox*,"1.0,1.0,-1.0"
canister*,"-1.0,1.0,-1.0"
wax-paper*,"-1.0,1.0,1.0"
plastic-film*,"-1.0,1.0,-1.0"
coffee-filter*,"-1.0,1.0,1.0"
counter*,"1.0,1.0,-1.0"
bottle-opener*,"1.0,1.0,-1.0"
can-opener*,"1.0,-1.0,-1.0"
corkscrew*,"1.0,1.0,-1.0"
cutting-board*,"-1.0,1.0,-1.0"
eggbeater*,"1.0,1.0,-1.0"
grater*,"-1.0,1.0,-1.0"
grinder*,"-1.0,-1.0,-1.0"
measuring-cup*,"1.0,1.0,1.0"
nutcracker*,"1.0,1.0,-1.0"
peeler*,"1.0,1.0,-1.0"
rolling-pin*,"-1.0,-1.0,1.0"
skewer*,"1.0,1.0,1.0"
spatula*,"1.0,1.0,1.0"
strainer*,"-1.0,1.0,-1.0"
timer*,"-1.0,-1.0,1.0"
tongs*,"1.0,1.0,-1.0"
ladle*,"-1.0,1.0,-1.0"
teapot*,"1.0,1.0,1.0"
sheath*,"1.0,1.0,-1.0"
cleaver*,"-1.0,-1.0,-1.0"
tag*,"-1.0,1.0,1.0"
beaker*,"-1.0,1.0,1.0"
centrifuge*,"-1.0,1.0,-1.0"
petri-dish*,"-1.0,1.0,-1.0"
turf*,"1.0,1.0,-1.0"
maggot*,"1.0,-1.0,1.0"
clothesline*,"-1.0,-1.0,1.0"
clothespin*,"-1.0,1.0,1.0"
ironing-board*,"-1.0,-1.0,-1.0"
laundry-basket*,"1.0,1.0,1.0"
washboard*,"-1.0,1.0,-1.0"
lawnmower*,"1.0,-1.0,-1.0"
sprinkler*,"-1.0,1.0,-1.0"
chandelier*,"-1.0,-1.0,1.0"
flashlight*,"-1.0,1.0,-1.0"
headlamp*,"-1.0,-1.0,-1.0"
lamppost*,"-1.0,-1.0,-1.0"
lightbulb*,"1.0,-1.0,-1.0"
streetlight*,"-1.0,-1.0,-1.0"
tablecloth*,"-1.0,1.0,-1.0"
towel*,"1.0,1.0,1.0"
water-bottle*,"1.0,1.0,1.0"
comic-book*,"1.0,-1.0,-1.0"
latch*,"-1.0,-1.0,-1.0"
padlock*,"1.0,1.0,-1.0"
duffel-bag*,"-1.0,1.0,-1.0"
suitcase*,"-1.0,-1.0,-1.0"
wand*,"-1.0,-1.0,-1.0"
eyeliner*,"-1.0,-1.0,-1.0"
lipstick*,"1.0,-1.0,-1.0"
mascara*,"-1.0,1.0,1.0"
nail-polish*,"-1.0,1.0,-1.0"
lip-gloss*,"1.0,-1.0,-1.0"
highlighter*,"-1.0,-1.0,1.0"
abacus*,"1.0,1.0,1.0"
breakfast*,"-1.0,1.0,-1.0"
gauge*,"1.0,1.0,1.0"
seismograph*,"1.0,1.0,-1.0"
rain-gauge*,"1.0,-1.0,1.0"
lamb-chop*,"1.0,-1.0,-1.0"
salami*,"-1.0,-1.0,1.0"
sausage*,"1.0,1.0,1.0"
bacon*,"1.0,1.0,1.0"
steak*,"1.0,1.0,1.0"
pulley*,"1.0,-1.0,-1.0"
gear*,"-1.0,-1.0,-1.0"
plaster-cast*,"1.0,1.0,-1.0"
pillbox*,"1.0,1.0,1.0"
vial*,"1.0,-1.0,-1.0"
hearing-aid*,"1.0,1.0,1.0"
inhaler*,"-1.0,-1.0,-1.0"
bandage*,"-1.0,1.0,-1.0"
bedpan*,"-1.0,-1.0,1.0"
brace*,"-1.0,1.0,-1.0"
cane*,"1.0,-1.0,-1.0"
crutch*,"1.0,1.0,-1.0"
defibrillator*,"-1.0,1.0,-1.0"
first-aid-kit*,"1.0,1.0,1.0"
gauze*,"-1.0,1.0,-1.0"
sling*,"-1.0,-1.0,-1.0"
stethoscope*,"1.0,1.0,1.0"
stretcher*,"1.0,1.0,-1.0"
syringe*,"-1.0,1.0,-1.0"
eye-patch*,"-1.0,1.0,1.0"
sonogram*,"1.0,-1.0,-1.0"
scalpel*,"-1.0,1.0,1.0"
eyedropper*,"-1.0,1.0,1.0"
pill*,"-1.0,1.0,1.0"
gravestone*,"-1.0,1.0,-1.0"
bolo-tie*,"1.0,-1.0,-1.0"
humvee*,"1.0,-1.0,1.0"
aircraft-carrier*,"1.0,-1.0,-1.0"
crystal-ball*,"-1.0,1.0,1.0"
wheelchair*,"1.0,-1.0,1.0"
coin*,"1.0,1.0,-1.0"
wallet*,"-1.0,-1.0,1.0"
piggy-bank*,"-1.0,-1.0,1.0"
statue*,"1.0,1.0,-1.0"
sidecar*,"-1.0,1.0,1.0"
dolly*,"1.0,-1.0,-1.0"
amplifier*,"-1.0,1.0,-1.0"
jukebox*,"1.0,-1.0,-1.0"
music-box*,"1.0,1.0,-1.0"
record-player*,"-1.0,1.0,-1.0"
gramophone*,"1.0,-1.0,-1.0"
stereo*,"1.0,1.0,1.0"
drumstick*,"1.0,1.0,-1.0"
metronome*,"1.0,-1.0,1.0"
tuning-fork*,"1.0,-1.0,-1.0"
accordion*,"1.0,-1.0,1.0"
bagpipe*,"1.0,1.0,-1.0"
banjo*,"-1.0,-1.0,1.0"
bassoon*,"1.0,1.0,-1.0"
chime*,"-1.0,-1.0,1.0"
clarinet*,"-1.0,-1.0,-1.0"
cymbal*,"-1.0,-1.0,1.0"
french-horn*,"-1.0,-1.0,-1.0"
gong*,"1.0,-1.0,-1.0"
harmonica*,"1.0,1.0,-1.0"
harp*,"1.0,1.0,1.0"
kazoo*,"1.0,1.0,1.0"
mandolin*,"-1.0,-1.0,1.0"
recorder*,"-1.0,-1.0,-1.0"
saxophone/*,"1.0,1.0,1.0"
tambourine*,"-1.0,-1.0,1.0"
trombone*,"1.0,-1.0,-1.0"
ukulele*,"-1.0,-1.0,-1.0"
xylophone*,"1.0,-1.0,1.0"
bongo*,"1.0,-1.0,-1.0"
buoy*,"1.0,-1.0,-1.0"
radar*,"-1.0,-1.0,1.0"
submarine*,"-1.0,-1.0,1.0"
macadamia*,"-1.0,-1.0,1.0"
pecan*,"-1.0,1.0,1.0"
periscope*,"1.0,1.0,1.0"
copier*,"1.0,1.0,-1.0"
shredder*,"-1.0,-1.0,-1.0"
typewriter*,"-1.0,1.0,-1.0"
filing-cabinet*,"-1.0,1.0,1.0"
clipboard*,"1.0,1.0,-1.0"
corkboard*,"1.0,-1.0,1.0"
eraser*,"1.0,-1.0,-1.0"
folder*,"1.0,-1.0,1.0"
paperclip*,"-1.0,1.0,-1.0"
paperweight*,"-1.0,1.0,1.0"
penholder*,"1.0,1.0,1.0"
rubber-band*,"-1.0,-1.0,-1.0"
staple*,"1.0,1.0,1.0"
stapler*,"1.0,1.0,-1.0"
tape*,"-1.0,1.0,1.0"
thumbtack*,"-1.0,1.0,1.0"
whiteboard*,"-1.0,1.0,-1.0"
letter-opener*,"-1.0,1.0,1.0"
binder*,"-1.0,1.0,1.0"
notebook*,"-1.0,1.0,-1.0"
notepad*,"1.0,1.0,-1.0"
magnifying-glass*,"1.0,1.0,-1.0"
viewfinder*,"-1.0,1.0,-1.0"
magnifier*,"1.0,1.0,-1.0"
fungus*,"1.0,-1.0,1.0"
fire-pit*,"1.0,1.0,-1.0"
weather-vane*,"-1.0,-1.0,-1.0"
wind-chimes*,"-1.0,-1.0,1.0"
hammock*,"1.0,-1.0,-1.0"
raincoat*,"-1.0,-1.0,1.0"
fur-coat*,"1.0,-1.0,1.0"
jacket*,"1.0,1.0,1.0"
bubble-wrap*,"1.0,-1.0,-1.0"
cardboard*,"1.0,1.0,1.0"
napkin*,"-1.0,1.0,-1.0"
paper-towel*,"-1.0,1.0,1.0"
propeller*,"-1.0,-1.0,-1.0"
turbine*,"-1.0,-1.0,-1.0"
wing*,"-1.0,-1.0,-1.0"
handlebar*,"-1.0,-1.0,-1.0"
pedal*,"-1.0,-1.0,1.0"
mast*,"-1.0,1.0,-1.0"
rudder*,"-1.0,-1.0,-1.0"
sail*,"-1.0,-1.0,1.0"
gutter*,"1.0,-1.0,1.0"
tab*,"-1.0,1.0,-1.0"
wick*,"-1.0,1.0,-1.0"
brake*,"-1.0,-1.0,-1.0"
bumper*,"1.0,1.0,-1.0"
car-door*,"1.0,1.0,1.0"
car-seat*,"1.0,1.0,1.0"
exhaust-pipe*,"1.0,1.0,-1.0"
gearshift*,"-1.0,1.0,1.0"
grille*,"-1.0,-1.0,-1.0"
handbrake*,"-1.0,1.0,1.0"
headlight*,"-1.0,1.0,1.0"
hubcap*,"1.0,1.0,1.0"
rearview-mirror*,"1.0,1.0,-1.0"
spark-plug*,"1.0,1.0,-1.0"
steering-wheel*,"1.0,-1.0,-1.0"
taillight*,"-1.0,-1.0,-1.0"
windshield*,"-1.0,1.0,-1.0"
windshield-wiper*,"-1.0,1.0,-1.0"
rim*,"-1.0,-1.0,-1.0"
headrest*,"1.0,1.0,-1.0"
dashboard*,"-1.0,-1.0,1.0"
gasket*,"-1.0,1.0,-1.0"
speedometer*,"1.0,1.0,1.0"
odometer*,"1.0,-1.0,1.0"
cornhusk*,"1.0,1.0,-1.0"
icemaker*,"-1.0,1.0,-1.0"
curb*,"-1.0,-1.0,1.0"
dial*,"-1.0,-1.0,1.0"
pine-needle*,"-1.0,-1.0,-1.0"
tree-trunk*,"1.0,-1.0,-1.0"
windowsill*,"-1.0,-1.0,1.0"
confetti*,"1.0,1.0,1.0"
noisemaker*,"1.0,-1.0,1.0"
tortellini*,"-1.0,-1.0,1.0"
macaroni*,"-1.0,-1.0,1.0"
ravioli*,"-1.0,-1.0,-1.0"
eclair*,"-1.0,-1.0,-1.0"
piecrust*,"1.0,1.0,1.0"
donut*,"1.0,-1.0,1.0"
scone*,"1.0,1.0,-1.0"
credit-card*,"-1.0,1.0,1.0"
jalapeno*,"-1.0,-1.0,1.0"
deodorant*,"1.0,-1.0,-1.0"
floss*,"1.0,1.0,-1.0"
shaving-cream*,"-1.0,-1.0,-1.0"
swab*,"1.0,1.0,1.0"
toothpick*,"1.0,-1.0,-1.0"
toothbrush*,"-1.0,1.0,1.0"
fingerprint*,"-1.0,-1.0,-1.0"
mousetrap*,"1.0,1.0,-1.0"
flypaper*,"-1.0,1.0,1.0"
flyswatter*,"1.0,1.0,1.0"
dogfood*,"1.0,-1.0,1.0"
doghouse*,"1.0,1.0,1.0"
aquarium*,"-1.0,-1.0,-1.0"
collar*,"1.0,-1.0,1.0"
leash*,"-1.0,1.0,-1.0"
pet-food*,"-1.0,-1.0,1.0"
fishbowl*,"1.0,-1.0,1.0"
film*,"-1.0,-1.0,1.0"
backdrop*,"1.0,1.0,1.0"
camera-lens*,"-1.0,-1.0,-1.0"
photo-booth*,"1.0,1.0,-1.0"
clover*,"1.0,-1.0,-1.0"
fern*,"-1.0,-1.0,1.0"
hedge*,"1.0,1.0,-1.0"
ivy*,"-1.0,-1.0,-1.0"
marijuana*,"-1.0,-1.0,-1.0"
seaweed*,"-1.0,-1.0,1.0"
tumbleweed*,"1.0,-1.0,1.0"
poinsettia*,"1.0,1.0,-1.0"
grapevine*,"-1.0,-1.0,-1.0"
weed*,"-1.0,-1.0,1.0"
aloe*,"-1.0,-1.0,1.0"
paper-plate*,"-1.0,1.0,1.0"
showerhead*,"1.0,-1.0,1.0"
valve*,"-1.0,-1.0,1.0"
faucet*,"1.0,-1.0,1.0"
spout*,"1.0,1.0,-1.0"
plunger*,"1.0,-1.0,-1.0"
laser-pointer*,"-1.0,-1.0,1.0"
diving-board*,"-1.0,-1.0,-1.0"
lantern*,"-1.0,-1.0,1.0"
pole*,"1.0,-1.0,-1.0"
chicken-wire*,"-1.0,-1.0,1.0"
battery*,"-1.0,1.0,-1.0"
chainsaw*,"1.0,-1.0,-1.0"
drill*,"-1.0,-1.0,-1.0"
gorilla*,"-1.0,-1.0,-1.0"
orangutan*,"1.0,-1.0,1.0"
barcode*,"1.0,-1.0,-1.0"
wooden-leg*,"-1.0,-1.0,-1.0"
armor*,"-1.0,1.0,-1.0"
bulletproof-vest*,"-1.0,-1.0,-1.0"
kneepad*,"-1.0,-1.0,-1.0"
tarp*,"1.0,1.0,-1.0"
subway*,"1.0,-1.0,1.0"
umbrella*,"-1.0,-1.0,-1.0"
bookmark*,"-1.0,-1.0,-1.0"
go-kart*,"1.0,1.0,1.0"
camper*,"-1.0,1.0,1.0"
rosary*,"1.0,-1.0,-1.0"
crucifix*,"1.0,1.0,-1.0"
iguana*,"-1.0,-1.0,-1.0"
lizard*,"-1.0,1.0,-1.0"
rattlesnake*,"-1.0,1.0,1.0"
alligator*,"-1.0,-1.0,-1.0"
straightjacket*,"-1.0,1.0,-1.0"
handcuff*,"-1.0,1.0,1.0"
pothole*,"1.0,-1.0,-1.0"
guardrail*,"-1.0,-1.0,-1.0"
boulder*,"1.0,-1.0,1.0"
gravel*,"1.0,-1.0,-1.0"
rat*,"1.0,1.0,-1.0"
chipmunk*,"1.0,1.0,1.0"
hamster*,"-1.0,1.0,1.0"
noose*,"1.0,1.0,-1.0"
throne*,"1.0,-1.0,1.0"
red-carpet*,"1.0,1.0,1.0"
railing*,"-1.0,-1.0,-1.0"
fire-alarm*,"-1.0,-1.0,1.0"
gas-mask*,"-1.0,1.0,-1.0"
life-jacket*,"-1.0,1.0,-1.0"
parachute*,"-1.0,1.0,1.0"
earplug*,"1.0,1.0,-1.0"
helmet*,"1.0,1.0,1.0"
harness*,"-1.0,1.0,1.0"
pesto*,"1.0,1.0,1.0"
pencil-sharpener*,"-1.0,1.0,-1.0"
microscope*,"1.0,1.0,1.0"
pendulum*,"1.0,-1.0,1.0"
test-tube*,"1.0,1.0,-1.0"
prism*,"-1.0,-1.0,-1.0"
gyroscope*,"1.0,-1.0,1.0"
snowman*,"1.0,-1.0,-1.0"
eel*,"-1.0,-1.0,1.0"
stingray*,"-1.0,1.0,-1.0"
sea-urchin*,"-1.0,-1.0,1.0"
barnacle*,"-1.0,-1.0,-1.0"
manatee*,"-1.0,-1.0,1.0"
scallop*,"-1.0,1.0,-1.0"
calamari*,"-1.0,-1.0,1.0"
mussel*,"1.0,-1.0,1.0"
saltshaker*,"1.0,1.0,1.0"
riser*,"-1.0,-1.0,-1.0"
strap*,"-1.0,1.0,1.0"
combination-lock*,"-1.0,-1.0,1.0"
turnstile*,"1.0,1.0,-1.0"
pinecone*,"1.0,1.0,-1.0"
manhole*,"1.0,-1.0,1.0"
pincushion*,"-1.0,1.0,1.0"
sewing-kit*,"1.0,1.0,1.0"
thimble*,"-1.0,-1.0,1.0"
razor-blade*,"-1.0,1.0,1.0"
teepee*,"1.0,1.0,-1.0"
pallet*,"-1.0,1.0,1.0"
container*,"1.0,-1.0,1.0"
stiletto*,"-1.0,1.0,1.0"
shoelace*,"-1.0,1.0,-1.0"
spur*,"1.0,1.0,1.0"
insole*,"1.0,-1.0,1.0"
shoe-polish*,"-1.0,1.0,1.0"
moccasin*,"1.0,1.0,1.0"
cleat*,"1.0,1.0,-1.0"
shower-cap*,"1.0,1.0,1.0"
coleslaw*,"-1.0,-1.0,-1.0"
banner*,"-1.0,-1.0,1.0"
ski-pole*,"1.0,1.0,-1.0"
ashtray*,"1.0,1.0,-1.0"
cigarette-holder*,"-1.0,1.0,1.0"
hookah*,"-1.0,1.0,1.0"
popcorn*,"1.0,-1.0,1.0"
cracker*,"-1.0,1.0,-1.0"
chips*,"1.0,1.0,-1.0"
cobra*,"1.0,-1.0,-1.0"
snowplow*,"1.0,1.0,1.0"
footbath*,"1.0,-1.0,-1.0"
rocket*,"1.0,1.0,1.0"
space-shuttle*,"1.0,1.0,-1.0"
clove*,"-1.0,-1.0,1.0"
pepper-mill*,"-1.0,1.0,-1.0"
saffron*,"-1.0,1.0,-1.0"
tarantula*,"-1.0,-1.0,1.0"
jersey*,"-1.0,-1.0,1.0"
baseball-bat*,"-1.0,-1.0,-1.0"
baseball-glove*,"-1.0,-1.0,-1.0"
basketball-hoop*,"-1.0,1.0,1.0"
bobsled*,"1.0,-1.0,-1.0"
bowling-ball*,"1.0,-1.0,1.0"
boxing-gloves*,"1.0,1.0,1.0"
dartboard*,"-1.0,-1.0,-1.0"
flag*,"-1.0,-1.0,-1.0"
football-helmet*,"1.0,1.0,1.0"
golf-club*,"1.0,-1.0,-1.0"
hockey-stick*,"1.0,1.0,-1.0"
iceskate*,"-1.0,1.0,1.0"
javelin*,"-1.0,-1.0,1.0"
ping-pong-table*,"-1.0,1.0,-1.0"
pool-table*,"-1.0,-1.0,1.0"
racket*,"-1.0,1.0,-1.0"
rollerblade*,"1.0,-1.0,-1.0"
rollerskate*,"-1.0,1.0,-1.0"
saddle*,"-1.0,-1.0,-1.0"
scoreboard*,"1.0,1.0,-1.0"
skateboard*,"-1.0,1.0,-1.0"
ski*,"1.0,1.0,-1.0"
ski-boots*,"1.0,1.0,-1.0"
snowboard*,"1.0,-1.0,-1.0"
soccer-ball*,"1.0,-1.0,1.0"
tennis-ball*,"-1.0,1.0,1.0"
face-mask*,"-1.0,1.0,-1.0"
mouthpiece*,"1.0,1.0,1.0"
sled*,"-1.0,1.0,1.0"
coil*,"1.0,-1.0,1.0"
christmas-card*,"-1.0,1.0,-1.0"
envelope*,"1.0,-1.0,1.0"
stair*,"-1.0,1.0,-1.0"
granite*,"-1.0,-1.0,-1.0"
locker*,"1.0,1.0,-1.0"
hatbox*,"1.0,1.0,1.0"
drawer*,"1.0,1.0,-1.0"
cabinet*,"-1.0,1.0,-1.0"
gel*,"-1.0,-1.0,1.0"
sugar-cube*,"1.0,1.0,1.0"
goggles*,"-1.0,-1.0,-1.0"
flipper*,"-1.0,1.0,-1.0"
snorkel*,"1.0,-1.0,1.0"
bikini*,"-1.0,1.0,-1.0"
wetsuit*,"1.0,-1.0,-1.0"
silicone*,"1.0,1.0,-1.0"
place-mat*,"-1.0,1.0,-1.0"
coaster*,"1.0,1.0,-1.0"
dish*,"-1.0,1.0,-1.0"
telephone-pole*,"1.0,-1.0,-1.0"
thermostat*,"1.0,1.0,1.0"
thermometer*,"1.0,1.0,1.0"
hourglass*,"-1.0,1.0,-1.0"
stopwatch*,"1.0,-1.0,1.0"
sundial*,"1.0,-1.0,1.0"
pocket-watch*,"1.0,1.0,1.0"
cigar*,"1.0,1.0,1.0"
urinal*,"-1.0,-1.0,-1.0"
toilet-paper*,"-1.0,1.0,1.0"
backscratcher*,"-1.0,1.0,1.0"
blowtorch*,"1.0,-1.0,1.0"
chisel*,"-1.0,1.0,1.0"
crank*,"-1.0,-1.0,-1.0"
crowbar*,"-1.0,-1.0,-1.0"
mallet*,"-1.0,-1.0,-1.0"
pickax*,"1.0,1.0,1.0"
pocketknife*,"1.0,1.0,-1.0"
polisher*,"1.0,1.0,-1.0"
scraper*,"-1.0,1.0,-1.0"
screwdriver*,"-1.0,1.0,-1.0"
sledgehammer*,"-1.0,-1.0,-1.0"
soldering-iron*,"-1.0,-1.0,1.0"
vise*,"1.0,1.0,1.0"
wedge*,"-1.0,-1.0,1.0"
wire-cutters*,"-1.0,1.0,-1.0"
wrench*,"1.0,-1.0,-1.0"
toolbox*,"1.0,-1.0,1.0"
sandpaper*,"-1.0,1.0,1.0"
anvil*,"-1.0,-1.0,-1.0"
hatchet*,"-1.0,1.0,-1.0"
pliers*,"-1.0,1.0,-1.0"
ratchet*,"-1.0,1.0,1.0"
staple-gun*,"1.0,1.0,1.0"
funnel*,"1.0,-1.0,1.0"
icepick*,"-1.0,1.0,1.0"
tape-measure*,"-1.0,1.0,-1.0"
blower*,"1.0,-1.0,1.0"
bungee*,"1.0,-1.0,-1.0"
beachball*,"-1.0,1.0,1.0"
dollhouse*,"1.0,-1.0,1.0"
dreidel*,"-1.0,-1.0,-1.0"
hobbyhorse*,"1.0,1.0,-1.0"
hula-hoop*,"1.0,-1.0,-1.0"
kaleidoscope*,"1.0,-1.0,1.0"
lego*,"1.0,-1.0,-1.0"
marble*,"-1.0,-1.0,1.0"
pinwheel*,"-1.0,-1.0,-1.0"
pogo-stick*,"1.0,1.0,-1.0"
slime*,"-1.0,-1.0,-1.0"
train-set*,"-1.0,-1.0,-1.0"
tricycle*,"-1.0,1.0,1.0"
yo-yo*,"1.0,-1.0,-1.0"
whoopee-cushion*,"1.0,1.0,1.0"
frisbee*,"-1.0,1.0,-1.0"
teddy-bear*,"1.0,1.0,-1.0"
traffic-light*,"-1.0,1.0,-1.0"
road-sign*,"-1.0,-1.0,1.0"
antenna*,"-1.0,-1.0,1.0"
trailer*,"-1.0,-1.0,1.0"
ski-lift*,"1.0,1.0,-1.0"
cigarette-butt*,"-1.0,1.0,1.0"
luggage*,"-1.0,1.0,-1.0"
bonsai*,"1.0,-1.0,-1.0"
pine-tree*,"1.0,1.0,1.0"
boxer-shorts*,"1.0,1.0,1.0"
bra*,"-1.0,-1.0,-1.0"
corset*,"1.0,1.0,-1.0"
lingerie*,"-1.0,-1.0,1.0"
panties*,"1.0,-1.0,-1.0"
silverware*,"-1.0,1.0,-1.0"
artichoke*,"1.0,1.0,1.0"
arugula*,"1.0,-1.0,-1.0"
asparagus*,"-1.0,-1.0,1.0"
bell-pepper*,"1.0,1.0,1.0"
bok-choy*,"1.0,-1.0,1.0"
brussels-sprouts*,"-1.0,1.0,1.0"
green-beans*,"-1.0,-1.0,-1.0"
kale*,"-1.0,1.0,1.0"
leek*,"1.0,-1.0,-1.0"
okra*,"1.0,1.0,-1.0"
rhubarb*,"-1.0,-1.0,-1.0"
squash*,"1.0,1.0,-1.0"
zucchini*,"1.0,1.0,-1.0"
beet*,"-1.0,-1.0,1.0"
radish*,"-1.0,-1.0,-1.0"
bike*,"-1.0,1.0,-1.0"
dirt-bike*,"-1.0,1.0,-1.0"
garbage-truck*,"-1.0,1.0,-1.0"
golf-cart*,"1.0,-1.0,1.0"
hearse*,"1.0,-1.0,1.0"
jeep*,"1.0,1.0,-1.0"
minivan*,"-1.0,-1.0,1.0"
quad*,"1.0,-1.0,-1.0"
rickshaw*,"1.0,1.0,-1.0"
roadsweeper*,"-1.0,-1.0,1.0"
unicycle*,"1.0,-1.0,1.0"
van*,"-1.0,-1.0,-1.0"
wagon*,"-1.0,-1.0,1.0"
sunroof*,"1.0,-1.0,-1.0"
license-plate*,"-1.0,1.0,-1.0"
train-car*,"1.0,-1.0,-1.0"
buggy*,"1.0,1.0,1.0"
carriage*,"1.0,1.0,1.0"
chariot*,"-1.0,1.0,1.0"
limousine*,"-1.0,-1.0,-1.0"
taxi*,"-1.0,1.0,-1.0"
trolley*,"1.0,-1.0,-1.0"
snowmobile*,"1.0,-1.0,-1.0"
school-bus*,"1.0,-1.0,-1.0"
scooter*,"1.0,1.0,-1.0"
motorcycle*,"1.0,1.0,-1.0"
duct*,"1.0,-1.0,-1.0"
vent*,"1.0,-1.0,1.0"
camcorder*,"-1.0,-1.0,1.0"
binoculars*,"1.0,-1.0,1.0"
megaphone*,"1.0,-1.0,-1.0"
lava*,"-1.0,-1.0,-1.0"
ballot-box*,"1.0,-1.0,-1.0"
stilt*,"1.0,1.0,1.0"
wallpaper*,"-1.0,1.0,1.0"
sewage*,"-1.0,1.0,1.0"
hot-tub*,"1.0,-1.0,1.0"
water-cooler*,"-1.0,-1.0,-1.0"
water-fountain*,"1.0,1.0,1.0"
water-filter*,"1.0,1.0,1.0"
swimming-pool*,"-1.0,-1.0,1.0"
surfboard*,"1.0,1.0,-1.0"
pump*,"1.0,-1.0,1.0"
squirt-gun*,"1.0,1.0,-1.0"
airboat*,"1.0,-1.0,1.0"
jetski*,"1.0,1.0,-1.0"
speedboat*,"1.0,1.0,1.0"
hovercraft*,"1.0,-1.0,1.0"
bazooka*,"1.0,1.0,1.0"
blowgun*,"1.0,1.0,-1.0"
brass-knuckles*,"-1.0,-1.0,-1.0"
cannon*,"-1.0,-1.0,1.0"
crossbow*,"1.0,-1.0,-1.0"
dagger*,"-1.0,1.0,1.0"
flamethrower*,"-1.0,-1.0,-1.0"
missile*,"-1.0,1.0,1.0"
torpedo*,"1.0,1.0,1.0"
machine-gun*,"-1.0,-1.0,-1.0"
landmine*,"-1.0,-1.0,1.0"
revolver*,"1.0,-1.0,-1.0"
rifle*,"1.0,1.0,1.0"
machete*,"-1.0,1.0,1.0"
catapult*,"1.0,1.0,1.0"
trident*,"-1.0,-1.0,-1.0"
boomerang*,"-1.0,-1.0,1.0"
windsock*,"1.0,-1.0,1.0"
dandelion*,"-1.0,-1.0,-1.0"
scale*,"-1.0,1.0,1.0"
porthole*,"1.0,-1.0,-1.0"
shutter*,"1.0,-1.0,1.0"
mitten*,"-1.0,1.0,1.0"
snowsuit*,"1.0,1.0,-1.0"
snowshoe*,"1.0,1.0,-1.0"
leggings*,"-1.0,1.0,-1.0"
log*,"1.0,-1.0,-1.0"
splinter*,"-1.0,1.0,-1.0"
block*,"1.0,-1.0,-1.0"
peg*,"-1.0,1.0,1.0"
coverall*,"-1.0,-1.0,1.0"
fountain-pen*,"1.0,1.0,1.0"
inkwell*,"-1.0,-1.0,1.0"
quill*,"1.0,-1.0,1.0"
chalk*,"1.0,1.0,-1.0"
