,f,j,k,kʰ,l,m,n,p,pʰ,s,t,tʰ,t͡s,t͡sʰ,t͡ɕ,t͡ɕʰ,x,ɕ,ɻ,ʂ,ʈ͡ʂ,ʈ͡ʂʰ,∅
an,"crimes_,crime_,violation_,deviate_,violations_,infringing_,infringement_,offense_,transgressions_,offenses_",,"beginnings_,begun_,touched_,rethinking_,excited_,forward_,start_,opens_,starting_,anxious_","start_,opens_,begun_,open_,started_,opened_,begins_,starts_,began_,peek_","rattan_,dribble_,milfs_,wicker_,rotting_,delphinium_,virginia_,hyacinth_,fashioned_,starf_","sale_,auctions_,auction_,ebay_,southeast_,southwest_,west_,oat_,east_,sold_","northeast_,southeast_,northwest_,southwest_,eastern_,northwestern_,northeastern_,southeastern_,north-west_,west_","boards_,plank_,plywood_,planks_,decks_,flooring_,panels_,tabletop_,floors_,editions_","benches_,bench_,decks_,tortilla_,griddle_,platter_,burgers_,tables_,table_,panels_","post-season_,regular-season_,championship_,postseason_,playoff_,playoffs_,tournament_,runner-up_,semifinals_,quarterfinals_","sling_,avons_,backpacks_,belt_,buckle_,belts_,fisting_,load_,diaper_,bench_","squats_,bench_,sling_,tray_,stools_,sac_,benches_,ballistic_,dugout_,springs_","suspensions_,sponsor_,suspending_,suspension_,suspend_,dish_,suspended_,veto_,sponsorship_,championship_","dishes_,dish_,restaurant_,supper_,bistro_,tapas_,diner_,lunch_,entrees_,silverware_",,,"seas_,ocean_,sea_,marine_,coastline_,oceanic_,beachfront_,maritime_,starfish_,beach_",,"contaminated_,polluted_,pollute_,however_,polluting_,contamination_,infection_,infected_,infectious_,pollution_","mountain_,shining_,ridge_,shone_,top_,twinkling_,solitaire_,hills_,tops_,mountains_","battlefield_,battles_,battlefields_,wartime_,combat_,war_,fronts_,battle_,warfare_,display_","battles_,battlefield_,hillside_,turrets_,battle_,mines_,turret_,war_,hilltop_,vineyard_","levitra_,install_,cialis_,installations_,mounting_,installer_,repo_,installation_,reassuring_,mounted_"
aɪ,,,"changes_,alterations_,improvements_,rethinking_,rewrite_,altering_,start_,change_,alteration_,re-write_","start_,begin_,begins_,starting_,starts_,begun_,started_,opens_,commenced_,began_","fashioned_,rotting_,optimist_,non-conference_,jewish_,unreferenced_,hollywood_,homegrown_,virginia_,ole_","auction_,sale_,auctions_,buyers_,auctioneer_,buyer_,sold_,buy_,seller_,bidder_","eastern_,oldest_,women_,female_,daughter_,northeast_,girls_,male_,men_,daughters_","editions_,reprints_,decks_,consoles_,reprint_,edition_,defeat_,proofreading_,defeating_,shuffle_","decks_,bidding_,auction_,auctions_,benches_,faction_,sellers_,deck_,bidders_,siding_","post-season_,tournament_,championship_,finals_,playoff_,semifinals_,quarterfinals_,postseason_,playoffs_,tourney_","bags_,changer_,suitcase_,briefcase_,bag_,pocket_,backpacks_,belts_,wil_,diaper_","womb_,sling_,bench_,egg_,belted_,dugout_,seats_,pews_,benches_,baby_","sponsor_,championship_,playoff_,championships_,finals_,post-season_,sponsoring_,tournament_,sponsorship_,sponsorships_","supper_,lunch_,dish_,salads_,playoff_,chard_,dishes_,veg_,luncheon_,banquet_",,,"ocean_,sea_,seas_,beach_,coastline_,marine_,beachfront_,reef_,dolphins_,reefs_",,,"mountain_,top_,choosing_,hill_,hills_,choose_,shining_,mountains_,ridge_,solitaire_","choosing_,choose_,selecting_,chooses_,chosen_,choice_,selector_,dropdown_,selects_,nuclear_","demolition_,selecting_,grouping_,battles_,picking_,choosing_,demolish_,foreclosure_,faction_,choose_","sweetest_,tlie_,excepting_,beloved_,nicest_,safest_,wil_,saddest_,cuter_,funeral_"
eɪ,"airplane_,aircraft_,flying_,airliner_,airplanes_,jet_,pilots_,planes_,aviation_,fly_",,,,"categorized_,classifications_,categories_,classification_,classifying_,categorize_,categorization_,categorised_,category_,subcategories_","beauty_,perfection_,beauties_,enzymatic_,flawless_,daily_,beautifully_,exquisite_,every_,perfect_","inteira_,apto_,inner_,inteiro_,inside_,rearview_,interior_,vuitton_,enzymatic_,lingerie_","northern_,northeastern_,southeastern_,north-eastern_,southern_,north-western_,northwestern_,south-western_,southwestern_,south-eastern_","allocated_,matched_,allocating_,allocation_,allocate_,configured_,allotted_,allocations_,configure_,configuring_",,,,"accompaniment_,concerto_,soloist_,solo_,solos_,soloists_,walking_,recital_,orchestral_,symphony_",,,,"blackness_,blacks_,black_,white_,ebony_,bleached_,stallion_,clam_,skinned_,whites_",,,,"starf_,bugaboo_,scarlet_,redwood_,michigan_,defensive_,canyons_,garcinia_,hjem_,heaviest_",,
i,,,,,"power_,motivation_,effectively_,efficiency_,efficiently_,productivity_,powers_,practice_,density_,willpower_","enigma_,née_,pseudonym_,mellitus_,goat_,della_,aureus_,whit_,masks_,identities_","infant_,newborn_,della_,sweetly_,born_,maternal_,infants_,strongly_,delle_,teenage_","map_,rubric_,designations_,subtype_,designation_,graph_,epithet_,score_,variant_,averages_","ticks_,scores_,masks_,score_,ticked_,mask_,chip_,bag_,coin_,checker_",,"weakly_,similarly_,persistently_,subtly_,expertly_,smartly_,systematically_,strategically_,sparsely_,solidly_","weakly_,sweetly_,tentatively_,delicately_,persistently_,strongly_,subtly_,hotly_,forcefully_,intelligently_",,,"painstakingly_,meticulously_,highly_,richly_,skillfully_,intricately_,systematically_,powerfully_,multiplier_,intensely_","simulator_,synthesizer_,emulator_,sequencer_,recorder_,controllers_,car_,instrument_,emulation_,analyzer_",,"energies_,astrological_,direction_,regression_,shape_,forward_,horoscope_,interpersonal_,consolidation_,archetypes_",,,,,"overwhelmingly_,largely_,adversely_,unsurprisingly_,mainly_,disapproval_,specifically_,principally_,primarily_,strongly_"
in,,,,,"territories_,neighbouring_,territory_,boundaries_,contiguous_,borders_,platinum_,resource_,neighboring_,communities_","immigrants_,immigrated_,banknotes_,emigration_,emigrated_,ballots_,emigrants_,passports_,suffrage_,refugees_",,"marker_,sea_,borders_,coastline_,markers_,waterfront_,harbor_,nautical_,pens_,map_","postcards_,souvenir_,postcard_,goods_,banknotes_,currency_,coins_,passports_,artwork_,wares_",,,,,,"urgently_,lending_,tightening_,bonds_,currency_,secured_,monetary_,foreigners_,loosening_,bond_","violins_,foreigners_,cash_,oboe_,plea_,trumpet_,violin_,bond_,urgently_,trumpets_",,"bullish_,attuned_,resonance_,bearish_,horizons_,tonal_,excited_,longer-term_,nucleus_,neckline_",,,,,"consonants_,syllable_,vowels_,immigrants_,syllables_,emigration_,immigration_,attracting_,vocals_,multicultural_"
iŋ,,,,,"charisma_,guiding_,leadership_,fortitude_,sobriety_,sober_,mental_,vision_,visionary_,composure_","celiac_,anonymity_,recognition_,mellitus_,name_,prevalence_,likeness_,rename_,candid_,née_","gazing_,teenage_,tranquility_,gaze_,virgin_,teen_,star_,starry_,serenity_,reboot_","map_,subtype_,rubric_,sclerosis_,cookie_,consensus_,markers_,rename_,distinguishing_,constellations_","barometer_,objectively_,rubric_,rating_,judging_,nominees_,critic_,ratings_,subjective_,scores_",,"firmly_,arbitrarily_,dynamically_,uniquely_,solidly_,persistently_,predetermined_,stubbornly_,geographic_,grid_","reconsider_,suspend_,reconsideration_,suspending_,pause_,calming_,suspended_,moratorium_,calm_,call_",,,"calm_,post-traumatic_,binoculars_,sober_,mental_,vigilant_,attuned_,calmness_,precise_,detachment_","calmness_,calm_,invites_,refreshing_,calms_,gentle_,fairness_,gentleness_,serenity_,forceful_",,"constellations_,orientation_,impact_,transformational_,personality_,outlook_,attuned_,archetypes_,constellation_,positive_",,,,,"gaze_,eye_,preference_,favourable_,depend_,favorable_,influence_,depends_,influences_,vision_"
iɑ,,,,,,,,,,,,,,,"theorist_,ratchet_,mix-n-match_,archaeologist_,novelist_,anthropologist_,professor_,multiplier_,theorists_,sociologist_","massively_,hefty_,disproportionately_,unduly_,modestly_,amplified_,magnum_,harshly_,accentuated_,overly_",,"downward_,upward_,accentuate_,downwards_,squeeze_,sideways_,big_,pencil_,lowercase_,sketching_",,,,,"chin_,frown_,eyebrow_,jaw_,cheek_,whitening_,slaw_,potatoes_,swallow_,chew_"
iɑŋ,,,,,"mix-n-match_,intensity_,incentives_,strength_,flux_,incentive_,intensities_,brightness_,luminosity_,confinement_",,"malt_,brewer_,malty_,scotch_,honey_,malts_,rye_,viscous_,terracotta_,beer_",,,,,,,,"buckle_,monetary_,dollar_,barrel_,butter_,brandy_,buckles_,robbers_,handcuffs_,incentive_","buckle_,pistol_,gun_,handgun_,buckles_,stout_,tackle_,accordion_,pistols_,handcuffs_",,"direction_,eastward_,curvature_,sideways_,influenced_,impact_,axis_,outlook_,trajectory_,outwards_",,,,,"slaw_,brandy_,jackbot_,pills_,snottywong_,chutney_,whiskey_,acetaminophen_,probiotics_,vodka_"
iɑʊ,,,,,"dose_,dosage_,doses_,dosages_,thresholds_,colouring_,coloring_,quantity_,measurement_,nutritional_","depicts_,flour_,portrays_,banknotes_,depicting_,depiction_,caricature_,proofing_,caricatures_,crumb_","kitten_,rabbits_,puppies_,rabbit_,doves_,millet_,kitties_,kittens_,putty_,puppy_","denote_,markers_,labelled_,marker_,rubric_,denoted_,designations_,labels_,labeling_,mark_","tick_,ticks_,masks_,barometer_,whistle_,jab_,tosses_,mask_,bites_,ticket_",,"clicking_,toggle_,spikes_,click_,dips_,lower_,drops_,perch_,piped_,exclamation_","notches_,kick_,drops_,playfully_,ticked_,sweetly_,nudge_,drop_,delicately_,chirp_",,,"circled_,reduces_,flight_,teaches_,reducing_,alerts_,minimizes_,decreasing_,nudge_,escorts_","nudge_,kick_,chuckle_,kicks_,tickle_,buckle_,punching_,chirping_,knock_,chirp_",,"chuckle_,giggle_,silhouette_,silhouettes_,laughter_,giggled_,nudge_,sighting_,giggling_,circled_",,,,,"chuckle_,talk_,mix_,coloring_,depend_,accent_,chatter_,pill_,nibble_,laughter_"
iɛ,,,,,"link_,splits_,linking_,dividing_,separation_,divided_,merged_,uniting_,overlapping_,partitioned_","unreadable_,riddle_,spelt_,loaves_,identities_,crumbs_,rye_,enigma_,cryptic_,breads_","bind_,thy_,ins_,bis_,riddle_,thee_,link_,soldered_,solder_,post_","identifiable_,splits_,categorize_,subtype_,descriptive_,categories_,shorthand_,overlapping_,delineated_,classifications_","typos_,tortilla_,collages_,overlapping_,acronym_,cauliflower_,pita_,userpage_,halves_,post_",,"weakly_,strongly_,neatly_,inextricably_,uniquely_,similarly_,explicitly_,doubly_,heavily_,highly_","jacks_,finger_,dangling_,comment_,post_,sharply_,succinctly_,dangle_,linking_,weakly_",,,"piecing_,link_,linking_,linked_,bridging_,linkages_,links_,tying_,solve_,chapters_","link_,brevity_,linking_,apologies_,paragraph_,coupler_,analyzer_,synthesizer_,piecing_,apology_",,"overlapping_,merged_,symbiotic_,truncated_,restructure_,folded_,structural_,restructured_,typographical_,fold_",,,,,"industries_,link_,overlap_,linking_,overlaps_,pasted_,paragraph_,unintelligible_,web_,links_"
iɛn,,,,,"link_,connecting_,hyperlink_,connections_,continuum_,connect_,chain_,connectivity_,connection_,current_","breads_,flour_,dough_,gluten_,celiac_,flours_,bread_,pastry_,rye_,bagels_","childhood_,teenage_,diodes_,current_,pads_,boyhood_,ten-year_,solder_,infancy_,soldered_","map_,splice_,annotations_,marker_,graph_,labelled_,dotted_,markers_,asterisk_,lines_","slideshow_,videotape_,chips_,clip_,timestamp_,postcard_,video_,documentary_,clips_,waveform_",,"terminals_,wires_,dots_,alternating_,grid_,cables_,grids_,electrically_,cable_,voltage_","interconnect_,terminals_,wires_,cables_,jacks_,link_,interconnection_,cable_,soldered_,circuits_",,,"terminals_,wires_,wire_,link_,soldered_,current_,reducing_,reduced_,regular_,reduce_","earlier_,wire_,tape_,fore_,link_,installments_,cheque_,terminals_,videotape_,wires_",,"possibility_,possibilities_,horizon_,feasibility_,future_,perils_,potentials_,perpendicular_,cusp_,beginnings_",,,,,"link_,slideshow_,testimony_,hyperlink_,proof_,proofs_,flicker_,links_,vision_,alternating_"
iɤʊ,,,,,"polo_,hockey_,canoeing_,bowling_,golf_,skating_,refreshment_,golfing_,beers_,vodka_","baseball_,beer_,golf_,soccer_,rum_,softball_,bowling_,golfing_,tulip_,tennis_","golfing_,golf_,putter_,tennis_,golfers_,beer_,baseball_,newly_,whiskey_,rye_",,,,"polo_,freshly_,volleyball_,request_,beer_,newly_,tennis_,lodging_,multiplayer_,beers_",,,,"beer_,golfers_,rugby_,polo_,beers_,golfer_,pitcher_,baseball_,pitchers_,brewery_","baseball_,golf_,beer_,polo_,golfing_,soccer_,golfers_,putter_,tennis_,ball_",,"golfing_,mates_,golf_,kinks_,polo_,socializing_,baseball_,mate_,tennis_,leisure_",,,,,"golfing_,whiskey_,polo_,whisky_,beer_,vodka_,golf_,golfers_,beers_,cocktails_"
iʊŋ,,,,,,,,,,,,,,,"grizzly_,brothers_,teddy_,brother_,brethren_,bear_,sisters_,boob_,chest_,bro_","brothers_,brother_,grizzly_,cubs_,bro_,bear_,bears_,fraternal_,cub_,panda_",,"grizzly_,brothers_,teddy_,cubs_,bear_,bears_,bro_,brother_,cub_,panda_",,,,,
u,"excise_,return_,paid_,paying_,owed_,surcharge_,taxes_,dues_,repay_,recovery_",,"benchmarking_,holdings_,auditor_,inventories_,appraisals_,benchmark_,estates_,benchmarks_,stock_,employee_","cellar_,warehouse_,anguish_,stock_,warehouses_,listing_,crying_,weeping_,wailing_,bowels_","route_,roads_,road_,overland_,routes_,trail_,roadway_,highway_,junctions_,campsites_","barn_,pasture_,wood_,timbers_,doe_,bamboo_,hoof_,farmhouse_,hooves_,rainforest_","devotion_,fractions_,abolitionist_,devotions_,tasks_,chores_,fervor_,fury_,imagery_,intensity_","unsupported_,inadequate_,inconsistent_,unreliable_,uneven_,unacceptable_,unusable_,unconstitutional_,ineffective_,incomplete_","insufficient_,unsupported_,inadequate_,unusable_,uneven_,insecure_,inaccurate_,inconsistent_,incomplete_,crying_","calculation_,computation_,acids_,calculations_,compute_,acetic_,calculator_,citric_,calculate_,calculated_","shortness_,ruler_,perpendicular_,width_,concurrent_,length_,tribes_,contrasting_,throne_,varying_","diagram_,flowchart_,raster_,exodus_,chart_,inset_,schematic_,heap_,map_,graphs_","slowest_,greatest_,simplest_,worst_,fastest_,best_,quickest_,longest_,largest_,earliest_","earliest_,shortest_,fastest_,quickest_,slowest_,easiest_,facilitate_,simplest_,biggest_,hindering_",,,"forests_,forest_,rebirth_,escapes_,woodland_,mutual_,escape_,breathed_,annuities_,afterlife_",,"entering_,nipples_,sensitive_,mammary_,nipple_,vulnerable_,re-enter_,penetrate_,injected_,cervix_","arithmetic_,integer_,digits_,integers_,mathematics_,mathematical_,numeric_,books_,textbooks_,cryptography_","monarch_,monarchs_,reside_,principal_,authored_,occupant_,mounted_,occupying_,founder_,owner_","wiped_,eradicated_,disappeared_,reappeared_,vanish_,wiping_,clearing_,reside_,wipe_,populate_","undefined_,non-existent_,harmless_,nonexistent_,unchecked_,innocuous_,unseen_,unknown_,invisible_,ignorant_"
uan,,,"receptions_,affairs_,conduit_,observer_,meetings_,wide_,metric_,metrics_,appraisals_,events_","meetings_,meeting_,remit_,cross-section_,symposium_,session_,gatherings_,pipe_,spanning_,warehouses_","route_,convoy_,convoys_,highway_,scenic_,routes_,junctions_,roads_,networks_,gears_",,"strands_,degrees_,sensation_,temp_,sensations_,kink_,knotted_,friction_,warming_,skid_",,,"amino_,nucleic_,calculation_,computation_,calculations_,acetic_,compute_,computations_,calculate_,lactic_","concurrent_,alternating_,end-to-end_,strand_,strands_,segments_,slant_,conflicting_,parallel_,length_","splits_,parallel_,connector_,segments_,buffer_,rift_,sections_,sandwiched_,concurrent_,sectional_","longest_,quickest_,shortest_,slowest_,fastest_,greatest_,largest_,happiest_,scariest_,fewest_","longest_,shortest_,quickest_,fastest_,largest_,slowest_,earliest_,furthest_,opening_,ripping_",,,"easing_,transforms_,nostalgic_,transforming_,exchanges_,misty_,exchange_,reaction_,wonderland_,transfer_",,"softening_,harden_,soften_,nipples_,silicone_,nipple_,thermoplastic_,easing_,hardening_,cervix_","cryptography_,hydraulic_,cryptographic_,locks_,hadith_,stream_,laparoscopic_,pulley_,paddles_,mooring_","float_,revolve_,transmit_,transfer_,rotational_,slotted_,centering_,revolves_,rotating_,pivot_","float_,transfer_,floating_,originating_,transferring_,berth_,pivot_,sailing_,arising_,slotted_","innocuous_,harmless_,conduit_,undefined_,benign_,degrees_,pipe_,cont_,goodwill_,uneasy_"
uaɪ,,,"odd_,weird_,strangest_,unusual_,internal_,strange_,weirdest_,receptions_,bizarre_,wierd_","meeting_,meetings_,event_,gala_,conference_,symposium_,session_,luncheon_,convention_,conferences_",,,,,,,,,,,,,"memories_,reminiscing_,gathering_,reunions_,meetings_,attended_,meeting_,gatherings_,receptions_,reminisce_",,,"cryptography_,cryptographic_,integer_,fishes_,stream_,encrypt_,locks_,paddles_,saltwater_,algebraic_",,,"outside_,innocuous_,errand_,evening_,uneventful_,errands_,socializing_,indoors_,afternoon_,gatherings_"
ueɪ,,,"lowest_,all-time_,smallest_,fewest_,highest_,biggest_,greatest_,furthest_,longest_,nicest_","bottle_,bottles_,breaches_,withdrawals_,pint_,wailing_,hole_,stricken_,cry_,bulge_",,,,,,"smallest_,lowest_,quickest_,slowest_,fastest_,shortest_,lightest_,longest_,fewest_,maximum_","perpendicular_,opposing_,opposition_,fewest_,against_,midpoint_,play-off_,strongest_,highest_,maximum_","withdrawal_,withdrawing_,retreating_,withdraw_,withdrawals_,ousted_,torpedoed_,withdraws_,wetting_,defeated_","smallest_,worst_,greatest_,best_,cleanest_,quickest_,nicest_,craziest_,dumbest_,biggest_","smallest_,cleanest_,quickest_,worst_,easiest_,best_,biggest_,purest_,greatest_,fastest_",,,"recapture_,reclaim_,recover_,restores_,regenerate_,replenish_,restore_,recovering_,retreating_,recovered_",,"weaker_,softening_,vulnerable_,weakened_,sharp_,grated_,sensitive_,weakest_,acute_,enter_","water_,sewage_,saltwater_,bathtub_,trickle_,groundwater_,seawater_,effluent_,wastewater_,saline_","teammate_,favourite_,favorite_,fewest_,newest_,biggest_,oldest_,team-mate_,runner-up_,play-off_","sink_,flush_,retreating_,withdrawing_,float_,sunk_,berth_,sinks_,sinking_,deducted_","untested_,worst_,misdemeanor_,destroyer_,man-made_,offence_,highest_,harshest_,unnamed_,threats_"
uɑ,,,"mirror_,sockets_,mirrors_,comb_,frames_,keyhole_,glazing_,pots_,reflector_,ceramic_","exaggerated_,chasm_,staggering_,disparity_,expanse_,sheer_,wide_,widening_,brush_,brim_",,,,,,,,,,,,,"watercolor_,painted_,caricature_,watercolors_,pastels_,caricatures_,brighten_,cartoon_,repainted_,painting_",,,"pastels_,filtration_,scouring_,pastel_,freshen_,varnish_,urea_,refresh_,watercolors_,compressed_","makeup_,tiara_,vanity_,cosmetics_,bedding_,decorating_,foil_,sink_,linens_,make-up_",,"vanity_,dazzle_,dig_,thin_,puff_,giant_,porcelain_,doodle_,satin_,chill_"
uɑŋ,,,"reflector_,mirror_,prism_,reflective_,mirrors_,glittery_,glittering_,eclipse_,skylight_,shimmer_","skylight_,frosted_,roof_,slices_,tart_,hive_,peeling_,spectacle_,glitter_,panels_",,,,,,,,,,,,,"brighten_,palette_,decorate_,wonderland_,decorating_,hues_,glow_,glazing_,tinted_,décor_",,,"decorate_,glitter_,gilt_,decorating_,skylight_,bed_,bathtub_,locks_,tinted_,decorated_","decorate_,decorating_,decorated_,decoration_,decorations_,decor_,linens_,décor_,mantel_,chandeliers_","bed_,headboard_,beds_,decorating_,decorate_,turnkey_,linens_,launching_,bedding_,closets_","moonlight_,mirrors_,satin_,comforter_,ambition_,frosted_,darkness_,bed_,glitter_,mirror_"
uɔ,"houston_,florida_,cambogia_,texas_,virginia_,april_,seattle_,ralph_,june_,november_",,"pear_,pears_,nexus_,at_,through_,past_,watched_,encompass_,shakers_,bananas_","include_,including_,bulge_,extended_,shrunk_,expansion_,covered_,swelled_,bowels_,tightened_","overland_,route_,roads_,routes_,prong_,network_,hitch_,cams_,hubs_,routing_","della_,delle_,sponge_,wand_,someones_,stroked_,sanding_,sim_,sensation_,joystick_","manned_,dexterity_,python_,discipleship_,imagined_,fulfilled_,ply_,stirred_,pursuits_,swallowed_","airs_,simulcast_,airing_,propagating_,broadcast_,rotator_,unsupported_,uneven_,rotating_,intermittent_","cracked_,rips_,undermined_,eroding_,blurred_,disappearing_,ripping_,erode_,obliterated_,ruining_","hash_,acids_,decoded_,kinetic_,retrieval_,locks_,acetic_,nitric_,retrieve_,constants_","vegas_,tilt_,width_,dual_,overlapping_,triangle_,streak_,quad_,dots_,dominion_","loosing_,seized_,chunks_,loose_,rips_,yanked_,swallowed_,pull_,chewed_,breadth_","collaborated_,fastest_,collaboration_,collaborates_,quickest_,smartest_,collaborating_,cleanest_,slowest_,greatest_","quickest_,accidently_,fastest_,smallest_,shortest_,sharpest_,worst_,hardest_,longest_,mistake_",,,"regenerate_,revived_,transformed_,reborn_,activate_,escapes_,returned_,recaptured_,return_,recovered_",,"weakening_,weakened_,weaken_,weak_,weaker_,cervix_,weakens_,cracks_,vulnerable_,inroads_","mathematics_,science_,physics_,sciences_,january_,december_,september_,june_,november_,august_","outsourced_,authored_,captained_,picked_,float_,floats_,reside_,fished_,moored_,schooled_","float_,sailed_,slip_,spreading_,popping_,sink_,seized_,plucked_,appearing_,seizing_","florida_,virginia_,robotic_,las_,dildos_,hi_,web_,della_,wield_,dildo_"
uən,,,"debates_,archives_,documents_,affairs_,compliance_,papers_,stock_,standards_,repositories_,comments_","compliance_,archive_,archives_,archiving_,valuation_,debates_,valuations_,cheeks_,documentation_,frameworks_","discussion_,debates_,comments_,treatise_,eds_,monograph_,commentary_,commentaries_,documents_,forum_",,,,,"glossary_,answer_,dictionary_,formulae_,mathematical_,speed_,quickest_,chronology_,fastest_,numerically_","papers_,thesis_,tonne_,concurrency_,tons_,tonnes_,assertion_,assertions_,till_,contradicting_","docs_,contradiction_,declaration_,proofs_,paradox_,refute_,assertion_,contradictions_,contradicting_,resolution_","best_,greatest_,heaviest_,oldest_,strongest_,shortest_,longest_,cleanest_,highest_,earliest_","extant_,earliest_,preserving_,archive_,document_,complying_,storing_,quickest_,documents_,file_",,,"marriage_,rebirth_,kiss_,divorce_,alchemy_,question_,mutual_,reaction_,skepticism_,archive_",,"lubrication_,lube_,lubricant_,easing_,rupee_,puncture_,lubricants_,nipples_,emulsion_,weaken_","mathematics_,humanities_,mathematical_,texts_,scholarly_,textbooks_,scroll_,documents_,literature_,sciences_","document_,normative_,papers_,question_,textbooks_,marking_,essays_,paper_,standardized_,addressed_","forum_,documents_,minted_,rims_,questions_,question_,normative_,skeptics_,replies_,wipe_","essays_,papers_,question_,questions_,essay_,documents_,humanities_,argumentative_,debates_,issue_"
uəŋ,,,,,,,,,,,,,,,,,,,,,,,"wed_,minted_,wills_,breeze_,superiority_,fling_,knighted_,quo_,standards_,docs_"
y,,,,,"travel_,itinerary_,itineraries_,overland_,travelling_,traveling_,travellers_,hotels_,fares_,destinations_",,"woman_,women_,actresses_,female_,lady_,maid_,girl_,actress_,prostitute_,girls_",,,,,,,,"cars_,vehicles_,automobiles_,sedans_,car_,automobile_,sedan_,trucks_,vehicle_,self-driving_","townships_,neighbourhoods_,boundaries_,suburbs_,suburb_,area_,bounded_,wagons_,municipalities_,constituency_",,"mathematics_,mathematical_,cycles_,cycle_,linguistics_,elective_,science_,arithmetic_,colspan_,academic_",,,,,"anticipated_,anticipates_,movie_,theatrical_,melodrama_,language_,colloquial_,prophecy_,anticipate_,dialect_"
yn,,,,,,,,,,,,,,,"troops_,army_,fleet_,troop_,cavalry_,soldiers_,armies_,trooper_,convoys_,wagons_","galaxy_,army_,rebels_,fleet_,population_,munitions_,postcode_,populations_,troops_,herd_",,"cadet_,cadets_,cycling_,troopers_,triplets_,randomised_,trooper_,cyclists_,cycled_,athlete_",,,,,"athlete_,scouts_,scout_,athletics_,athletes_,cadet_,soldier_,trooper_,scouting_,troopers_"
yœ,,,,,"standpoint_,treatise_,evolutionary_,perceptual_,theory_,theologian_,intellect_,strategic_,reasoning_,sciences_",,"girls_,women_,female_,daughter_,teens_,girl_,actresses_,heroine_,woman_,feminists_",,,,,,,,"knighted_,stalemate_,neurology_,physics_,solving_,decision_,prof_,neuroscience_,psychology_,self-driving_","incorrect_,correct_,definitively_,conclusively_,categorically_,flaw_,ruled_,decision_,arising_,cancelling_",,"mathematics_,sciences_,science_,academic_,physics_,mathematical_,undergraduate_,mathematician_,undergraduates_,mathematicians_",,,,,"sciences_,august_,academics_,mathematics_,science_,neuroscience_,linguistics_,literature_,academic_,physics_"
yɔ,,,,,,,,,,,,,,,,,,,,,,,"marshmallow_,autumn_,pact_,browsed_,dew_,writes_,fall_,grasp_,snip_,biochemistry_"
yɛn,,,,,,,,,,,,,,,"electors_,rotating_,electing_,voting_,ballots_,constituency_,vote_,council_,rotates_,voters_","voting_,ballots_,constituency_,electors_,constituencies_,voters_,vote_,seat_,bloc_,voted_",,"electors_,electing_,voters_,ballots_,candidates_,elect_,voting_,election_,candidate_,elects_",,,,,"electors_,delegate_,voters_,staff_,trustees_,jurors_,pledged_,arbitrators_,faculty_,staffers_"
ɑ,"legislate_,occurrences_,generate_,summons_,issuing_,emit_,outlawed_,generates_,referee_,rulings_",,"pressure_,begun_,rethinking_,humbly_,revamp_,start_,congratulated_,redesign_,cautioned_,congratulate_","cappuccino_,suspension_,plunger_,tuning_,lever_,banjo_,espresso_,sherry_,tuner_,piston_","latina_,alla_,starf_,san_,grandma_,milf_,flamenco_,parmesan_,santa_,mozzarella_","mare_,pony_,mane_,mummy_,horse_,filly_,colt_,ponies_,woolly_,horses_","vera_,mammoth_,woolly_,que_,ralph_,rue_,brian_,sherry_,grande_,versa_","papa_,pack_,daddy_,mummy_,momma_,mommy_,mama_,bodyguards_,purse_,wad_","shelling_,horrifying_,monstrous_,crawling_,gun_,crawl_,shell_,hideous_,crawls_,shelled_","mow_,mowing_,cleaning_,sweep_,scrub_,mower_,scrubbing_,scrubbed_,sweeping_,vacuuming_","enormous_,huge_,massive_,colossal_,bigger_,tremendous_,big_,gigantic_,immense_,greatest_","custard_,smash_,sherry_,bomb_,muffin_,toffee_,tripled_,grape_,walnut_,toaster_","mow_,weeding_,weeds_,mowing_,clippings_,mower_,grass_,weed_,muck_,cleaning_","mow_,scrub_,mowing_,scrubbing_,grass_,weeds_,cleaning_,scrubbed_,muck_,broom_",,,"voyage_,voyages_,eh_,cruising_,cruises_,cruise_,flight_,whales_,hahaha_,haha_",,,"wounding_,wholesalers_,retailer_,wounded_,killed_,killing_,retailers_,massacre_,injured_,mall_","officer_,inspector_,boom_,inspection_,discrepancy_,inspections_,corrected_,registrant_,chief_,verification_","inspections_,inspection_,inspect_,inspectors_,audits_,examination_,conducted_,inspecting_,tests_,examinations_","sencers_,oakley_,levitra_,jordan_,france_,alla_,canada_,dei_,paris_,intel_"
ɑŋ,"remedies_,ways_,smoke-free_,remedy_,approach_,directions_,measures_,confine_,implement_,approaches_",,"high_,praises_,proclaiming_,tall_,octave_,oven_,heights_,pressure_,praise_,oral_","oven_,cookery_,thermometer_,brownies_,bakery_,hilltop_,brisket_,caramelized_,cookware_,cookbook_","stairway_,chorizo_,starf_,gypsy_,latina_,salsa_,milf_,mayo_,alla_,milfs_","mane_,mummy_,horse_,pony_,camel_,mare_,mares_,cat_,fur_,colt_","capsule_,bladder_,tract_,adrenal_,ant_,barn_,cat_,intestinal_,liver_,canes_","bags_,strap_,pack_,backpack_,carrying_,zippered_,bag_,strapped_,briefcase_,carry_","shelling_,mayo_,butter_,gooey_,custard_,ketchup_,pudding_,mummy_,insulated_,mayonnaise_","wounds_,sweep_,broom_,mow_,mowing_,driveways_,graze_,cleaning_,grass_,dustpan_","huge_,enormous_,bigger_,massive_,mighty_,big_,hefty_,hall_,large_,tremendous_","custard_,sugar_,candy_,toffee_,dessert_,syrup_,pudding_,cinnamon_,applesauce_,marmalade_","hay_,broom_,buried_,musty_,mow_,grass_,cluttered_,dusty_,grasses_,pasture_","cupboard_,hay_,hidden_,cupboards_,weeds_,grass_,grasses_,buried_,drawer_,stashed_",,,"route_,voyage_,voyages_,cruising_,navigator_,cruises_,sailed_,passengers_,routes_,eastbound_",,"disturb_,interfere_,interfering_,disrupt_,bother_,interferes_,disrupts_,hinder_,impede_,disrupting_","retailer_,retailers_,wholesalers_,wounding_,marketplaces_,wholesaler_,psychologically_,distributors_,wounded_,marketplace_","difficulties_,swells_,abnormally_,stature_,officer_,orchestra_,diameter_,problems_,eclipse_,retailer_","inspections_,audits_,retailer_,sausage_,examinations_,inspection_,deli_,store_,sausages_,auditors_","criminally_,dell_,unlawful_,chargers_,antitrust_,classically_,alleys_,leilighet_,dingy_,overpriced_"
ɑɻ,,,,,,,,,,,,,,,,,,,,,,,"earphones_,headphones_,twenty-two_,twenty-five_,twenty-three_,sixteen_,earphone_,eighty_,seventeen_,thirty-five_"
ɑʊ,,,"oven_,advertisement_,roast_,praises_,warns_,advertised_,touts_,proclaiming_,warn_,recommends_","roast_,oven_,roasting_,bake_,thermometer_,roasted_,cookery_,brownies_,grill_,cupcakes_","starf_,old_,tarts_,came_,cheddar_,latina_,della_,cougar_,cheese_,went_","fur_,pup_,fleece_,cat_,mane_,cats_,kitten_,kitties_,kittens_,kitty_","kitten_,irritable_,kitties_,nerves_,irritated_,patience_,answering_,confusing_,impatience_,cat_","protects_,pack_,hail_,wrap_,shield_,wrapped_,package_,wraps_,blanket_,mama_","shelling_,shelled_,oven_,grenade_,pizza_,cannon_,bombs_,grenades_,shell_,throw_","mowing_,mow_,cleaning_,scratches_,sweep_,sprinkle_,mower_,roller_,cleaners_,weed_","reaches_,realize_,reached_,chased_,apologizes_,apologize_,scold_,gotten_,slingshot_,warn_","custard_,oven_,tarts_,muffin_,brownies_,bake_,toaster_,toasted_,dessert_,toffee_","mow_,mowing_,weeds_,weeding_,grass_,mower_,mess_,broom_,cleaning_,sod_","weeds_,mow_,mowing_,grass_,weeding_,grasses_,hay_,mower_,scrub_,weed_",,,"voyage_,route_,voyages_,flight_,cruising_,flying_,sailed_,flights_,cruises_,cruised_",,"disturb_,interfere_,interfering_,bother_,annoy_,interfered_,bothering_,disrupts_,disrupting_,disrupt_","wounding_,retailer_,lessened_,diminished_,diminishes_,injuring_,reduced_,reduces_,burnt_,severely_","spokesman_,priests_,spokesperson_,priest_,announcer_,staffs_,oversaw_,clergy_,synod_,registrant_","examination_,examinations_,sauté_,inspections_,testing_,saute_,inspection_,skewer_,tests_,roasting_","oakley_,hush_,kitties_,puppies_,della_,bien_,jordan_,dei_,airbnb_,discreet_"
ɔ,,,,,,,,,,,,,,,,,,,,,,,"oh_,ooh_,ah_,uh_,yeah_,gosh_,yea_,hey_,ok_,yup_"
ən,"split_,subdivided_,divides_,dividing_,separate_,partitioned_,divide_,grouping_,splits_,splitting_",,"better_,deeper_,stronger_,sharper_,quicker_,faster_,prettier_,smarter_,smoother_,firmer_","deeper_,smoother_,firmer_,prettier_,better_,softer_,smarter_,sharper_,stronger_,more_",,"door_,doors_,dreams_,dream_,doorway_,selves_,our_,partners_,ours_,horny_",,"pumps_,lymph_,pump_,venous_,projector_,nasal_,honda_,sprays_,violently_,gushing_","spewing_,sprays_,spraying_,spews_,sprayed_,spray_,ruptured_,droplets_,exploded_,gushing_","hierarchical_,multi-level_,subterranean_,forest_,redwood_,depths_,regeneration_,unlimited_,floors_,tiers_",,,,,,,"lot_,alot_,plenty_,lots_,ton_,many_,considerable_,countless_,numerous_,couple_",,"applicant_,applicants_,beings_,aliens_,newcomers_,alien_,person_,persons_,humans_,individuals_","divinity_,sacred_,holy_,deity_,sanctity_,god_,spirituality_,deities_,reverence_,mystical_","certify_,verifies_,verify_,validate_,verified_,genuine_,veracity_,confirm_,verifying_,authenticity_","deep_,deepest_,professed_,confessed_,sincere_,sincerely_,consist_,consists_,deeply_,innermost_","huh_,eh_,anyhow_,meh_,anyway_,dammit_,favours_,favors_,duh_,nope_"
əŋ,"gusts_,winds_,wind_,divided_,storm_,divides_,split_,gust_,gale_,dividing_",,"better_,stronger_,prettier_,smoother_,sharper_,smarter_,clearer_,faster_,simpler_,firmer_","prettier_,smarter_,stronger_,richer_,smoother_,better_,bigger_,bolder_,firmer_,heavier_","cold_,colder_,cooler_,chilled_,freezing_,frigid_,coldest_,cooled_,cooling_,icy_","dreams_,dream_,door_,doors_,fuller_,doorway_,fulfilment_,dreamed_,visions_,dreaming_","capabilities_,ability_,abilities_,capability_,skills_,competence_,qualifications_,incapable_,capable_,could_","collapses_,erupts_,bang_,pump_,collapsing_,erupted_,honda_,collapse_,crashing_,collapsed_","spewing_,spray_,exploded_,sprayed_,sprays_,collided_,ruptured_,colliding_,spraying_,explodes_","increases_,increase_,increased_,enhanced_,boosts_,doubling_,enhancement_,boosting_,forest_,layer_","bulb_,lamp_,incandescent_,bulbs_,lightbulb_,lanterns_,lamps_,halogen_,lantern_,lights_","ascend_,traverse_,lightbulb_,incandescent_,lamp_,climbing_,bulb_,climb_,sencers_,woning_","increases_,increase_,enhanced_,increased_,boosts_,increasing_,incrementally_,doubling_,decreases_,boost_","layers_,layer_,layered_,increases_,strata_,multi-level_,storey_,tiered_,tiers_,increase_",,,"alot_,lot_,plenty_,lots_,considerable_,ton_,ample_,tremendous_,balanced_,imbalance_",,"certifying_,vie_,certify_,oath_,seals_,certifies_,tides_,elect_,sworn_,awarded_","divinity_,sanctity_,holy_,deity_,sacred_,regenerative_,rebirth_,louder_,exalted_,deities_","certify_,certifying_,verifies_,verify_,verification_,verifying_,verified_,prove_,validate_,validating_","certify_,accomplishing_,accomplishes_,completed_,undertaking_,achieves_,accomplish_,accomplishment_,undertaken_,accomplished_",
ɤʊ,"denying_,flying_,rumor_,denials_,planes_,denial_,airplanes_,denied_,untrue_,pilot_",,"dog_,pup_,puppy_,dogs_,doggie_,doggy_,pups_,puppies_,pooch_,kennel_","imports_,import_,export_,importers_,importing_,imported_,importation_,importer_,exports_,exporting_","stairwell_,stairs_,stairway_,penthouse_,attic_,floor_,staircase_,basement_,stair_,skylight_","conspiracies_,conspiracy_,murder_,conspiring_,murders_,conspire_,assassination_,assassinate_,treason_,mole_",,,"gory_,kidnapping_,ransom_,murder_,kidnap_,robbery_,inheritance_,plotting_,gruesome_,murders_","soloists_,soloist_,concerto_,pianist_,virtuoso_,searched_,clarinet_,saxophonist_,solos_,ensembles_","peas_,pea_,shelled_,pounded_,peeks_,stalks_,northern_,sprouts_,citadel_,shelling_","peeks_,pitching_,bets_,pounded_,peek_,pounding_,bullpen_,heads_,head_,sweats_","concerto_,soloist_,solos_,clarinet_,soloists_,recital_,quintet_,cello_,orchestra_,quartet_","concerto_,melody_,recital_,solos_,waltz_,virtuoso_,soloist_,soloists_,tempo_,ensemble_",,,"afterward_,ensuing_,later_,thereafter_,afterwards_,after_,latter_,before_,respectively_,shortly_",,"veal_,meat_,beef_,pork_,lamb_,tenderness_,brisket_,tender_,meats_,flesh_","wrist_,phones_,handset_,smartphones_,handsets_,wrists_,gloves_,cellphones_,hands_,wallets_","michigan_,texas_,prefecture_,carolina_,virginia_,florida_,crankshaft_,july_,april_,california_","grease_,stench_,michigan_,bugaboo_,stinking_,stink_,flange_,smelled_,california_,smelling_","euro_,euros_,eurozone_,european_,vomiting_,europe_,vomit_,yen_,germany_,assaulting_"
ɨ,,,,,,,,,,"jones_,death_,robert_,died_,dying_,david_,scott_,dead_,titans_,suicide_",,,"electron_,electrons_,socks_,bunnies_,basket_,pegs_,sock_,baskets_,bunny_,daughters_","verb_,noun_,adjective_,adjectives_,verbs_,nouns_,pronoun_,phrase_,phrases_,pronouns_",,,,,,,,,
ɯʌ,,,"acceptable_,replaceable_,recognizable_,legible_,intelligible_,accessible_,marketable_,specific_,reproducible_,transferable_","attainable_,customizable_,achievable_,obtainable_,feasible_,imaginable_,negotiable_,conceivable_,configurable_,recognizable_","ran_,came_,went_,took_,turned_,drew_,cried_,threw_,laughed_,broke_",,,,,"color_,colour_,hue_,hues_,greenish_,yellow_,brownish_,yellowish_,reddish_,purple_","idiosyncratic_,controllable_,logical_,predominant_,sensible_,delineated_,structured_,specific_,distinct_,fantastical_","repulsive_,hideous_,controllable_,vile_,ghastly_,reprehensible_,worthy_,monstrous_,pathetic_,wretched_","color_,colored_,teal_,colour_,hues_,colors_,yellow_,hue_,blue_,reddish_","color_,yellow_,hues_,brown_,maroon_,colour_,beige_,hue_,yellowish_,blue_",,,"combined_,blend_,combining_,blended_,combine_,merging_,together_,blends_,fusing_,synergistic_",,"heat_,fervent_,heating_,heated_,hotter_,hot_,overheat_,hottest_,scorching_,cooling_","shooters_,bystanders_,photographers_,shooter_,photographer_,adopters_,users_,activists_,worshippers_,designers_","participants_,participant_,organizers_,activists_,proponents_,seekers_,users_,organisers_,shooters_,supporters_","seekers_,skeptics_,enthusiasts_,participants_,golfer_,proponents_,seeker_,backers_,riders_,thrower_","ther_,ah_,moth_,ate_,hearted_,hungry_,wan_,nah_,legged_,feathered_"
ɻ,,,,,,,,,,,,,,,,,,,,"thirty_,forty_,fifteenth_,twenty_,twenty-five_,chefs_,twentieth_,fourteenth_,fifteen_,thirty-five_","prohibiting_,prohibits_,forbids_,prohibit_,forbade_,restricts_,banning_,inhibits_,forbidding_,prevents_","maintain_,persists_,maintaining_,adhere_,persist_,adhering_,keep_,keeping_,insisting_,ensuring_",
ʊŋ,,"use_,uses_,re-use_,unrestricted_,boundless_,misused_,unlimited_,deprecated_,embracing_,reuse_","workers_,factories_,kilometers_,factory_,worker_,contractor_,industrial_,jobs_,laborer_,square_","voids_,void_,fills_,air_,space_,filled_,spaces_,emptiness_,vacant_,airspace_","pet_,monoclonal_,cloned_,cages_,pets_,caged_,clones_,shrouded_,obscurity_,clone_",,"farm_,farming_,farmers_,farmer_,agrarian_,agricultural_,farms_,agriculture_,rural_,peasant_",,,"relaxes_,tighten_,relax_,relaxation_,tightening_,send_,loosen_,loosened_,sending_,relaxed_","movement_,movements_,motion_,motions_,pendulum_,actuators_,tremors_,lever_,circulatory_,actuator_","synchronize_,sync_,concur_,synchronized_,synchronization_,agree_,wirelessly_,identical_,fluid_,reconnect_","tracked_,manipulative_,headquartered_,manipulating_,manipulate_,presidential_,cleverly_,steered_,manipulations_,steer_","blindly_,authoritative_,subordinate_,astray_,meticulously_,disregard_,tracked_,dutifully_,amalgamated_,combined_",,,"reds_,crimson_,purple_,red_,pinks_,ruby_,lipstick_,pink_,eyeshadow_,blush_",,"melt_,melting_,melts_,melted_,molten_,tolerant_,dissolve_,dissolving_,dissolved_,dissolves_",,"larval_,larva_,larvae_,midway_,aphid_,caterpillars_,caterpillar_,insect_,restarted_,ticks_","repeat_,revisit_,rebooted_,relaunch_,recast_,restarted_,reboot_,restored_,revisiting_,redo_",
,,,,,,,,,,,,,,,,,,,"midday_,holiday_,holidays_,birthdays_,weekdays_,day_,birthday_,weekday_,solstice_,calendars_",,,,
